elapsed_seconds,Sensor 1,Sensor 2,Sensor 3
0,29944.0,29944.0,29952.0
1,29960.0,29960.0,29968.0
2,29948.0,29920.0,29964.0
3,29948.0,29952.0,29952.0
4,29952.0,29960.0,29968.0
5,29952.0,29960.0,29960.0
6,29952.0,29960.0,29960.0
7,29944.0,29952.0,29956.0
8,29944.0,29960.0,29952.0
9,29944.0,29940.0,29948.0
10,29948.0,29952.0,29960.0
11,29936.0,29708.0,29960.0
12,29944.0,29944.0,29960.0
13,29952.0,29696.0,29960.0
14,29944.0,27704.0,29952.0
15,29944.0,28240.0,29952.0
16,29952.0,28712.0,29960.0
17,29944.0,28544.0,29952.0
18,29944.0,29940.0,29960.0
19,29948.0,28548.0,29960.0
20,29952.0,29064.0,29960.0
21,29948.0,29276.0,29952.0
22,29944.0,29140.0,29956.0
23,29952.0,27940.0,29956.0
24,29944.0,28584.0,29956.0
25,29808.0,27040.0,29960.0
26,29336.0,28240.0,29960.0
27,29160.0,26192.0,29956.0
28,29060.0,26812.0,29952.0
29,29128.0,26612.0,29956.0
30,28920.0,26232.0,29952.0
31,28520.0,26224.0,29948.0
32,,,
33,28588.0,26112.0,29956.0
34,28804.0,25816.0,29952.0
35,28560.0,27064.0,29956.0
36,28404.0,27012.0,29952.0
37,28508.0,26916.0,29956.0
38,28760.0,25940.0,29956.0
39,28808.0,25860.0,29956.0
40,28808.0,25752.0,29952.0
41,28628.0,25912.0,29952.0
42,28560.0,26000.0,29960.0
43,28572.0,26352.0,29952.0
44,28584.0,26236.0,29956.0
45,28564.0,26208.0,29960.0
46,28572.0,26144.0,29956.0
47,28576.0,26828.0,29956.0
48,28564.0,26584.0,29952.0
49,28608.0,26180.0,29964.0
50,28652.0,26076.0,29952.0
51,28720.0,25816.0,29960.0
52,28792.0,25756.0,29964.0
53,28724.0,25984.0,29960.0
54,28724.0,26404.0,29960.0
55,28736.0,26248.0,29952.0
56,28820.0,25912.0,29956.0
57,28808.0,25156.0,29960.0
58,28756.0,25168.0,29956.0
59,28740.0,23608.0,29956.0
60,28740.0,23324.0,29956.0
61,28672.0,23312.0,29944.0
62,28668.0,22896.0,29952.0
63,28700.0,22616.0,29960.0
64,28708.0,23716.0,29956.0
65,28780.0,23572.0,29952.0
66,28720.0,23340.0,29952.0
67,28740.0,22272.0,29948.0
68,28744.0,21028.0,29952.0
69,28832.0,21056.0,29960.0
70,28640.0,21320.0,29956.0
71,28512.0,20912.0,29952.0
72,28528.0,22656.0,29960.0
73,28600.0,21072.0,29952.0
74,28536.0,20344.0,29952.0
75,28480.0,18200.0,29952.0
76,28680.0,20508.0,29956.0
77,28672.0,20432.0,29952.0
78,28992.0,22464.0,29952.0
79,29264.0,25280.0,29960.0
80,29264.0,26032.0,29952.0
81,29152.0,22616.0,29960.0
82,29200.0,25632.0,29960.0
83,28928.0,23976.0,29944.0
84,28916.0,25984.0,29960.0
85,29240.0,23788.0,29952.0
86,28968.0,25212.0,29952.0
87,29016.0,25352.0,29948.0
88,28932.0,25424.0,29952.0
89,29000.0,24016.0,29948.0
90,28908.0,23988.0,29952.0
91,28792.0,23628.0,29948.0
92,29272.0,25280.0,29964.0
93,29396.0,25756.0,29956.0
94,29356.0,27036.0,29956.0
95,29576.0,25872.0,29960.0
96,28884.0,24900.0,29956.0
97,29028.0,25932.0,29948.0
98,29936.0,26656.0,29952.0
99,29528.0,26400.0,29952.0
100,29684.0,25176.0,29940.0
101,29320.0,19584.0,29952.0
102,29920.0,25744.0,29960.0
103,29684.0,25268.0,29956.0
104,29864.0,26792.0,29952.0
105,,,
106,29896.0,26960.0,29952.0
107,29936.0,24960.0,29952.0
108,29944.0,25584.0,29956.0
109,29944.0,28268.0,29964.0
110,29940.0,28456.0,29952.0
111,29928.0,27996.0,29952.0
112,29940.0,27608.0,29960.0
113,29936.0,29744.0,29952.0
114,29920.0,27624.0,29952.0
115,29952.0,27248.0,29952.0
116,29932.0,28720.0,29952.0
117,29876.0,26768.0,29956.0
118,29944.0,29928.0,29960.0
119,29944.0,28600.0,29960.0
120,29936.0,27816.0,29944.0
121,29932.0,27540.0,29960.0
122,29948.0,29032.0,29964.0
123,29944.0,29152.0,29956.0
124,29936.0,28188.0,29960.0
125,29944.0,29348.0,29952.0
126,29944.0,28496.0,29960.0
127,29944.0,28396.0,29964.0
128,29940.0,29400.0,29960.0
129,29928.0,28228.0,29960.0
130,29948.0,29656.0,29960.0
131,29948.0,29924.0,29956.0
132,29944.0,28628.0,29960.0
133,29948.0,29260.0,29956.0
134,29912.0,27960.0,29960.0
135,29784.0,27472.0,29952.0
136,29244.0,19332.0,29948.0
137,29952.0,29928.0,29960.0
138,29952.0,29956.0,29960.0
139,29952.0,29936.0,29952.0
140,,,
141,29952.0,29932.0,29960.0
142,29944.0,29880.0,29960.0
143,29960.0,29904.0,29964.0
144,29952.0,29916.0,29960.0
145,29952.0,29924.0,29960.0
146,29948.0,29888.0,29956.0
147,,,
148,29952.0,29576.0,29952.0
149,29948.0,29636.0,29952.0
150,29948.0,29052.0,29964.0
151,29944.0,29892.0,29956.0
152,29944.0,29916.0,29952.0
153,29940.0,29680.0,29968.0
154,,,
155,29948.0,29852.0,29956.0
156,,,
157,29952.0,29920.0,29960.0
158,29944.0,29920.0,29968.0
159,29936.0,29912.0,29952.0
160,29940.0,29888.0,29956.0
161,29936.0,29736.0,29952.0
162,29944.0,29880.0,29960.0
163,,,
164,29936.0,29912.0,29952.0
165,29960.0,29928.0,29952.0
166,29936.0,29904.0,29952.0
167,29936.0,29772.0,29960.0
168,29952.0,29888.0,29964.0
169,29944.0,29816.0,29960.0
170,29736.0,26728.0,29952.0
171,29940.0,29680.0,29952.0
172,,,
173,29952.0,29712.0,29952.0
174,29936.0,29436.0,29952.0
175,29936.0,29208.0,29960.0
176,29952.0,29920.0,29952.0
177,29960.0,29920.0,29960.0
178,29880.0,28920.0,29960.0
179,29944.0,28768.0,29968.0
180,29936.0,29904.0,29964.0
181,29856.0,27292.0,29960.0
182,29952.0,29832.0,29960.0
183,,,
184,29936.0,28792.0,29952.0
185,,,
186,29944.0,29608.0,29960.0
187,29928.0,29352.0,29960.0
188,29936.0,29416.0,29964.0
189,29932.0,29452.0,29964.0
190,29936.0,29144.0,29968.0
191,29952.0,28588.0,29960.0
192,29928.0,28760.0,29952.0
193,29824.0,27204.0,29956.0
194,29908.0,27696.0,29960.0
195,29884.0,27128.0,29960.0
196,29792.0,27832.0,29952.0
197,29936.0,28172.0,29960.0
198,29836.0,25704.0,29964.0
199,29928.0,28200.0,29956.0
200,29648.0,24884.0,29948.0
201,29800.0,25248.0,29952.0
202,29816.0,25260.0,29944.0
203,29936.0,24288.0,29944.0
204,29952.0,24048.0,29952.0
205,29656.0,25440.0,29960.0
206,29888.0,23360.0,29952.0
207,29928.0,25016.0,29944.0
208,29568.0,24160.0,29960.0
209,29848.0,24772.0,29956.0
210,29936.0,25232.0,29956.0
211,29616.0,23524.0,29948.0
212,29700.0,23976.0,29956.0
213,29664.0,25072.0,29944.0
214,,,
215,29636.0,22616.0,29960.0
216,29940.0,23892.0,29964.0
217,29744.0,26400.0,29960.0
218,29680.0,24288.0,29944.0
219,29784.0,20880.0,29952.0
220,29512.0,21360.0,29960.0
221,29832.0,25240.0,29952.0
222,29684.0,22616.0,29948.0
223,29736.0,22768.0,29956.0
224,29756.0,24984.0,29968.0
225,29388.0,21840.0,29960.0
226,29944.0,20208.0,29952.0
227,29672.0,23016.0,29944.0
228,29672.0,20892.0,29944.0
229,29688.0,22712.0,29936.0
230,29612.0,20372.0,29956.0
231,29584.0,21792.0,29968.0
232,29456.0,22304.0,29936.0
233,29512.0,20328.0,29952.0
234,29952.0,25440.0,29952.0
235,29520.0,24080.0,29944.0
236,29620.0,24680.0,29952.0
237,29880.0,26152.0,29956.0
238,29952.0,23864.0,29960.0
239,29760.0,25848.0,29952.0
240,29888.0,27616.0,29952.0
241,29712.0,26400.0,29948.0
242,29440.0,22032.0,29952.0
243,29752.0,25088.0,29952.0
244,29592.0,25976.0,29960.0
245,29388.0,22548.0,29944.0
246,29616.0,22440.0,29956.0
247,29608.0,23060.0,29948.0
248,29552.0,24704.0,29952.0
249,29936.0,26032.0,29944.0
250,29684.0,23036.0,29956.0
251,29532.0,23460.0,29952.0
252,29808.0,22664.0,29960.0
253,29720.0,25304.0,29952.0
254,29936.0,25824.0,29952.0
255,29608.0,25248.0,29968.0
256,29648.0,23656.0,29952.0
257,29812.0,25564.0,29948.0
258,29884.0,25712.0,29952.0
259,29152.0,18376.0,29944.0
260,29424.0,23424.0,29952.0
261,29808.0,25984.0,29952.0
262,29304.0,20216.0,29952.0
263,29412.0,22516.0,29952.0
264,29728.0,25248.0,29952.0
265,29920.0,25176.0,29952.0
266,29480.0,22496.0,29952.0
267,29400.0,21912.0,29952.0
268,29768.0,25616.0,29952.0
269,29920.0,22840.0,29952.0
270,,,
271,29320.0,19348.0,29956.0
272,29544.0,22332.0,29940.0
273,29644.0,21516.0,29924.0
274,29320.0,19392.0,29952.0
275,29560.0,25080.0,29960.0
276,,,
277,29872.0,19432.0,29936.0
278,29328.0,19072.0,29956.0
279,29916.0,21484.0,29912.0
280,29560.0,17428.0,29960.0
281,,,
282,29192.0,18768.0,29948.0
283,,,
284,29184.0,18448.0,29952.0
285,29264.0,18684.0,29952.0
286,29664.0,20852.0,29944.0
287,29340.0,16708.0,29948.0
288,,,
289,29532.0,19620.0,29956.0
290,29864.0,17736.0,29760.0
291,29848.0,15896.0,29840.0
292,29432.0,19744.0,29948.0
293,29544.0,22104.0,29952.0
294,29320.0,17016.0,29828.0
295,29592.0,18296.0,29956.0
296,29232.0,17408.0,29952.0
297,29744.0,24904.0,29952.0
298,29608.0,18368.0,29936.0
299,29312.0,17156.0,29948.0
300,29604.0,15808.0,29952.0
301,29460.0,18060.0,29776.0
302,29256.0,17436.0,29952.0
303,29348.0,18340.0,29952.0
304,29824.0,20516.0,29876.0
305,29296.0,18912.0,29952.0
306,29128.0,17944.0,29952.0
307,29728.0,17768.0,29944.0
308,29104.0,17768.0,29952.0
309,29168.0,19192.0,29952.0
310,28872.0,17096.0,29952.0
311,29512.0,18768.0,29944.0
312,29212.0,17452.0,29956.0
313,29236.0,18464.0,29952.0
314,29428.0,18720.0,29788.0
315,29604.0,18872.0,29952.0
316,29184.0,17432.0,29960.0
317,29404.0,18228.0,29944.0
318,29112.0,16944.0,29952.0
319,29288.0,18580.0,29964.0
320,29212.0,16560.0,29940.0
321,29704.0,22320.0,29940.0
322,28776.0,16816.0,29956.0
323,29156.0,19824.0,29948.0
324,29404.0,18440.0,29956.0
325,29340.0,18404.0,29948.0
326,29336.0,20200.0,29948.0
327,29236.0,17944.0,29948.0
328,29616.0,19944.0,29952.0
329,28976.0,17868.0,29956.0
330,29160.0,17552.0,29952.0
331,29576.0,17744.0,29952.0
332,29716.0,19432.0,29952.0
333,28896.0,19368.0,29952.0
334,28792.0,16472.0,29944.0
335,29104.0,16512.0,29808.0
336,28564.0,15804.0,29956.0
337,29044.0,16520.0,29948.0
338,29688.0,17480.0,29944.0
339,29096.0,15308.0,29952.0
340,29188.0,18144.0,29956.0
341,29112.0,16628.0,29952.0
342,29664.0,18316.0,29952.0
343,29240.0,20008.0,29952.0
344,29152.0,17512.0,29960.0
345,29212.0,17280.0,29952.0
346,28700.0,15964.0,29952.0
347,29040.0,17272.0,29948.0
348,29248.0,16608.0,29948.0
349,29576.0,15976.0,29960.0
350,29128.0,15212.0,29952.0
351,29316.0,18328.0,29956.0
352,28880.0,14044.0,29944.0
353,28704.0,16844.0,29948.0
354,29352.0,19456.0,29952.0
355,29448.0,15872.0,29944.0
356,28996.0,18272.0,29952.0
357,29140.0,16040.0,29944.0
358,29332.0,18096.0,29596.0
359,28496.0,14736.0,29952.0
360,28852.0,16136.0,29960.0
361,29412.0,13872.0,29952.0
362,28932.0,17488.0,29952.0
363,28720.0,13472.0,29948.0
364,29376.0,14108.0,29952.0
365,28900.0,13588.0,29952.0
366,28524.0,15132.0,29944.0
367,28472.0,15148.0,29944.0
368,29256.0,12176.0,29952.0
369,28576.0,13960.0,29960.0
370,29004.0,15104.0,29952.0
371,28552.0,15760.0,29952.0
372,28964.0,14940.0,29948.0
373,28708.0,14288.0,29956.0
374,28232.0,16744.0,29944.0
375,28364.0,15060.0,29952.0
376,28724.0,14144.0,29952.0
377,28576.0,15640.0,29952.0
378,28864.0,17112.0,29952.0
379,28320.0,14052.0,29956.0
380,28852.0,14232.0,29948.0
381,28728.0,16856.0,29952.0
382,28352.0,14648.0,29944.0
383,28688.0,14936.0,29952.0
384,28028.0,14916.0,29944.0
385,28320.0,14900.0,29948.0
386,28588.0,14336.0,29952.0
387,28448.0,14532.0,29956.0
388,28668.0,14104.0,29948.0
389,28280.0,15640.0,29952.0
390,28656.0,13884.0,29948.0
391,28536.0,15720.0,29952.0
392,27296.0,14576.0,29952.0
393,28344.0,14860.0,29956.0
394,29064.0,13584.0,29944.0
395,27928.0,12924.0,29952.0
396,27592.0,15552.0,29960.0
397,27304.0,13792.0,29952.0
398,28368.0,13208.0,29952.0
399,27112.0,13880.0,29952.0
400,27904.0,14172.0,29952.0
401,27028.0,12896.0,29952.0
402,28284.0,11956.0,28900.0
403,28464.0,11664.0,29952.0
404,28416.0,14228.0,29940.0
405,27648.0,12120.0,29952.0
406,28060.0,12276.0,29952.0
407,27880.0,13096.0,29948.0
408,27748.0,13860.0,29940.0
409,27288.0,14048.0,29952.0
410,28476.0,13148.0,29948.0
411,27236.0,15468.0,29944.0
412,27504.0,12464.0,29952.0
413,28908.0,12876.0,26656.0
414,27656.0,14324.0,27484.0
415,27440.0,17560.0,26904.0
416,28584.0,12800.0,26712.0
417,26608.0,13704.0,27240.0
418,27496.0,13544.0,26880.0
419,28840.0,15072.0,25636.0
420,27820.0,13132.0,28392.0
421,27024.0,13848.0,26464.0
422,27392.0,12008.0,29948.0
423,27184.0,14204.0,27660.0
424,27648.0,13392.0,26568.0
425,28636.0,15152.0,25696.0
426,27080.0,13432.0,26604.0
427,26260.0,13444.0,26568.0
428,27012.0,12740.0,26964.0
429,27092.0,12076.0,29952.0
430,27424.0,10844.0,29936.0
431,26792.0,12824.0,29960.0
432,26576.0,10424.0,29952.0
433,26792.0,10444.0,29952.0
434,27136.0,12776.0,29952.0
435,26560.0,12232.0,29944.0
436,26848.0,12408.0,29944.0
437,27156.0,12472.0,28024.0
438,26808.0,12348.0,29944.0
439,27460.0,10788.0,29952.0
440,25460.0,10056.0,29948.0
441,25172.0,9708.0,29948.0
442,25160.0,10776.0,29948.0
443,24220.0,9528.0,29952.0
444,23712.0,9704.0,29956.0
445,24656.0,11312.0,29960.0
446,25656.0,11696.0,29952.0
447,25376.0,9888.0,29944.0
448,27432.0,11288.0,29952.0
449,26332.0,12168.0,29940.0
450,26516.0,10432.0,29944.0
451,26228.0,11004.0,29956.0
452,26604.0,11040.0,29948.0
453,26104.0,12944.0,29952.0
454,26992.0,10080.0,29944.0
455,26192.0,10664.0,29960.0
456,26760.0,12692.0,27676.0
457,26544.0,9896.0,29932.0
458,26872.0,10928.0,28272.0
459,26772.0,9744.0,29936.0
460,25280.0,12120.0,22448.0
461,26800.0,9840.0,29944.0
462,26232.0,9792.0,29952.0
463,26196.0,10764.0,29944.0
464,25836.0,9844.0,29948.0
465,26920.0,9676.0,27812.0
466,27192.0,10208.0,29952.0
467,26120.0,13504.0,24116.0
468,27140.0,11156.0,23668.0
469,26528.0,13912.0,21900.0
470,26304.0,12296.0,21680.0
471,27208.0,9708.0,16848.0
472,27124.0,13512.0,22192.0
473,26136.0,13448.0,22264.0
474,27904.0,11976.0,19584.0
475,26860.0,11824.0,18672.0
476,26336.0,12968.0,20292.0
477,25904.0,10176.0,29944.0
478,25780.0,10780.0,29948.0
479,26972.0,10664.0,27420.0
480,26284.0,10308.0,29936.0
481,27196.0,12728.0,25884.0
482,26564.0,10272.0,27044.0
483,26296.0,10020.0,29936.0
484,25940.0,9468.0,29956.0
485,25648.0,9908.0,26576.0
486,26288.0,10412.0,29948.0
487,26256.0,10668.0,29948.0
488,26096.0,12344.0,25528.0
489,25984.0,13188.0,25812.0
490,26616.0,11880.0,25568.0
491,26200.0,11568.0,24576.0
492,26304.0,13208.0,25688.0
493,25864.0,12880.0,25256.0
494,26320.0,13128.0,25456.0
495,25644.0,12252.0,25280.0
496,26636.0,12796.0,24204.0
497,25832.0,13276.0,24776.0
498,25320.0,9784.0,29920.0
499,26912.0,11876.0,21124.0
500,26064.0,12728.0,25448.0
501,26132.0,12604.0,25404.0
502,26248.0,12676.0,25700.0
503,25676.0,12836.0,23316.0
504,26540.0,12692.0,23256.0
505,25972.0,14200.0,24224.0
506,25804.0,12460.0,22684.0
507,26228.0,11700.0,18920.0
508,25464.0,12128.0,21648.0
509,25840.0,12832.0,16912.0
510,25480.0,10372.0,24024.0
511,26896.0,12136.0,17928.0
512,25592.0,12500.0,17800.0
513,25488.0,11224.0,17284.0
514,26436.0,11676.0,19884.0
515,25576.0,11940.0,16748.0
516,24320.0,9532.0,23312.0
517,26536.0,12316.0,18200.0
518,25492.0,12476.0,16528.0
519,26724.0,11384.0,17284.0
520,26520.0,12328.0,16768.0
521,25208.0,11524.0,14844.0
522,23380.0,10540.0,22684.0
523,25960.0,11380.0,14736.0
524,25288.0,12472.0,16448.0
525,25152.0,11280.0,15320.0
526,25992.0,12384.0,15484.0
527,25344.0,11312.0,13992.0
528,25072.0,11164.0,16108.0
529,24928.0,12368.0,18280.0
530,26232.0,11180.0,13648.0
531,24384.0,10896.0,15948.0
532,23948.0,11120.0,15472.0
533,25072.0,10204.0,15328.0
534,26180.0,12292.0,15172.0
535,24944.0,11348.0,13580.0
536,22924.0,10568.0,15660.0
537,25856.0,12448.0,17152.0
538,22080.0,10944.0,16208.0
539,22052.0,9184.0,21992.0
540,24216.0,10972.0,15096.0
541,24328.0,11280.0,14296.0
542,24420.0,11024.0,17124.0
543,24324.0,11000.0,14596.0
544,22548.0,11372.0,14372.0
545,21828.0,9008.0,21344.0
546,24100.0,11164.0,13856.0
547,23368.0,11764.0,14772.0
548,25864.0,11024.0,14836.0
549,23956.0,11712.0,14064.0
550,25412.0,11260.0,13528.0
551,23544.0,9632.0,15224.0
552,24544.0,11152.0,14100.0
553,21268.0,10200.0,14284.0
554,26144.0,10472.0,16284.0
555,23920.0,11272.0,13800.0
556,23608.0,11936.0,15280.0
557,25472.0,10928.0,13800.0
558,23452.0,10432.0,14852.0
559,23064.0,10772.0,13004.0
560,23068.0,9876.0,21156.0
561,25460.0,11540.0,14420.0
562,25296.0,11480.0,12776.0
563,22740.0,10428.0,13556.0
564,25748.0,11164.0,15088.0
565,25148.0,11860.0,13888.0
566,24532.0,9596.0,14256.0
567,25768.0,11000.0,14052.0
568,22932.0,11576.0,13528.0
569,21208.0,11344.0,13968.0
570,25384.0,10896.0,13360.0
571,23824.0,11212.0,13676.0
572,20888.0,10536.0,14056.0
573,25632.0,10996.0,14540.0
574,23420.0,10980.0,12832.0
575,24208.0,10836.0,13788.0
576,25032.0,10040.0,12608.0
577,23552.0,11128.0,13488.0
578,22904.0,11064.0,13336.0
579,22988.0,9800.0,13732.0
580,22472.0,9860.0,13988.0
581,22064.0,9656.0,12880.0
582,24128.0,10128.0,13368.0
583,23300.0,9980.0,13472.0
584,25416.0,10224.0,12656.0
585,24408.0,10480.0,13536.0
586,21552.0,9992.0,11952.0
587,22532.0,9100.0,20728.0
588,25320.0,10568.0,12728.0
589,22920.0,10544.0,13080.0
590,23360.0,9996.0,12572.0
591,22616.0,10512.0,12756.0
592,21804.0,9788.0,12376.0
593,22896.0,9928.0,12580.0
594,25344.0,10192.0,12976.0
595,24192.0,10208.0,12812.0
596,23124.0,9200.0,13940.0
597,23364.0,9760.0,13172.0
598,23156.0,9988.0,13132.0
599,25496.0,9636.0,12712.0
600,21196.0,9388.0,11456.0
601,20968.0,9760.0,12072.0
602,24432.0,10456.0,13632.0
603,22476.0,9592.0,11600.0
604,21848.0,9668.0,13240.0
605,23440.0,10832.0,12424.0
606,23000.0,9876.0,11760.0
607,23048.0,9724.0,11284.0
608,23220.0,9952.0,11724.0
609,21236.0,9392.0,11548.0
610,22808.0,9524.0,12908.0
611,22428.0,9504.0,12204.0
612,21804.0,9432.0,11876.0
613,25516.0,10488.0,12688.0
614,23096.0,9852.0,11620.0
615,23040.0,9408.0,11712.0
616,22400.0,9284.0,12460.0
617,22860.0,9584.0,11824.0
618,19648.0,8476.0,11228.0
619,22172.0,9300.0,11620.0
620,20260.0,9564.0,11204.0
621,21912.0,9572.0,12080.0
622,23436.0,10508.0,12936.0
623,19512.0,9256.0,12112.0
624,20728.0,9452.0,12144.0
625,20576.0,9632.0,12468.0
626,21776.0,9464.0,11264.0
627,19056.0,9240.0,11760.0
628,23384.0,10808.0,12008.0
629,21132.0,9212.0,11708.0
630,21916.0,9468.0,12196.0
631,21776.0,9860.0,13104.0
632,20868.0,9580.0,12224.0
633,24320.0,9384.0,15288.0
634,20136.0,9600.0,14336.0
635,20400.0,9056.0,12168.0
636,25272.0,9304.0,13528.0
637,25192.0,9232.0,13368.0
638,21736.0,9216.0,11728.0
639,22960.0,8488.0,13124.0
640,21224.0,8160.0,11256.0
641,21488.0,8880.0,12440.0
642,22336.0,9296.0,12812.0
643,22612.0,8872.0,12624.0
644,20672.0,8544.0,12840.0
645,20472.0,8136.0,15416.0
646,24744.0,9216.0,14264.0
647,20784.0,8740.0,15556.0
648,23132.0,8472.0,14868.0
649,22312.0,8896.0,12944.0
650,20080.0,8428.0,13984.0
651,22340.0,8980.0,14728.0
652,21276.0,8612.0,15652.0
653,20696.0,8624.0,12576.0
654,20264.0,8100.0,13840.0
655,22084.0,8580.0,12776.0
656,20688.0,8492.0,12504.0
657,21804.0,8184.0,14200.0
658,21824.0,8604.0,13292.0
659,19528.0,8312.0,12464.0
660,21568.0,8204.0,13048.0
661,21260.0,8368.0,11504.0
662,19580.0,8068.0,12800.0
663,23140.0,8568.0,12204.0
664,19560.0,8060.0,11728.0
665,21012.0,8512.0,11660.0
666,23152.0,8096.0,11008.0
667,20824.0,8264.0,10200.0
668,19024.0,7928.0,10216.0
669,23160.0,8360.0,9744.0
670,17608.0,8144.0,9520.0
671,18280.0,8312.0,9856.0
672,19984.0,8816.0,10352.0
673,18292.0,8128.0,9796.0
674,18604.0,8052.0,9660.0
675,18456.0,8156.0,9972.0
676,17364.0,8256.0,9480.0
677,18472.0,7808.0,9096.0
678,19264.0,8216.0,9128.0
679,19992.0,8232.0,9480.0
680,19300.0,7688.0,9524.0
681,18280.0,7664.0,9256.0
682,16404.0,7532.0,9008.0
683,18480.0,7552.0,9240.0
684,18608.0,8192.0,9288.0
685,16888.0,7688.0,8816.0
686,19824.0,7864.0,9316.0
687,18848.0,7588.0,9032.0
688,18544.0,7452.0,9148.0
689,16752.0,7120.0,9848.0
690,18348.0,7652.0,9784.0
691,16200.0,7064.0,9564.0
692,18772.0,7760.0,10340.0
693,17192.0,7596.0,9444.0
694,18560.0,7528.0,10140.0
695,19984.0,8240.0,10116.0
696,17904.0,7512.0,9524.0
697,16456.0,7008.0,9176.0
698,19952.0,8264.0,9584.0
699,17788.0,7584.0,9248.0
700,17544.0,7324.0,9448.0
701,18944.0,8344.0,9832.0
702,18428.0,7604.0,9564.0
703,19500.0,7656.0,9812.0
704,16952.0,7312.0,9256.0
705,19976.0,7552.0,10472.0
706,18552.0,7556.0,9272.0
707,17652.0,7516.0,9876.0
708,17392.0,7036.0,9644.0
709,18316.0,7260.0,9816.0
710,18160.0,7472.0,9712.0
711,17360.0,7064.0,9200.0
712,18616.0,7920.0,9152.0
713,16728.0,7188.0,8892.0
714,17168.0,7292.0,9096.0
715,18316.0,7428.0,9424.0
716,16376.0,7244.0,9144.0
717,19248.0,7464.0,10028.0
718,17616.0,7424.0,8792.0
719,17564.0,7284.0,9560.0
720,17036.0,7376.0,9024.0
721,17460.0,7056.0,8880.0
722,16136.0,7352.0,9200.0
723,19288.0,7708.0,9680.0
724,15528.0,7224.0,9744.0
725,16384.0,7312.0,8784.0
726,17244.0,7572.0,8888.0
727,16904.0,7180.0,8888.0
728,17516.0,7348.0,8644.0
729,16416.0,6920.0,8956.0
730,15352.0,6980.0,8928.0
731,16876.0,7184.0,8908.0
732,18016.0,7312.0,9656.0
733,17116.0,7068.0,9012.0
734,18724.0,7448.0,9144.0
735,18260.0,6876.0,8752.0
736,15316.0,6920.0,10244.0
737,18896.0,7136.0,9432.0
738,15224.0,7184.0,9952.0
739,15780.0,6712.0,9564.0
740,18472.0,7052.0,9688.0
741,17956.0,6684.0,8752.0
742,17588.0,7124.0,8656.0
743,17788.0,7040.0,8404.0
744,16788.0,6900.0,8840.0
745,14776.0,6552.0,9464.0
746,16612.0,6580.0,9176.0
747,17668.0,6868.0,12092.0
748,17280.0,6924.0,9264.0
749,16452.0,6608.0,13000.0
750,18164.0,6820.0,10012.0
751,14952.0,6624.0,9712.0
752,16812.0,6632.0,8636.0
753,17332.0,7088.0,9504.0
754,17608.0,6960.0,10032.0
755,17184.0,6948.0,9624.0
756,14880.0,6680.0,9552.0
757,14448.0,7080.0,9320.0
758,16144.0,6480.0,8080.0
759,16276.0,6728.0,8888.0
760,16468.0,6872.0,9072.0
761,17584.0,6792.0,8952.0
762,16100.0,6676.0,9244.0
763,17004.0,6712.0,8964.0
764,14968.0,6856.0,8520.0
765,16948.0,7020.0,9152.0
766,17056.0,6612.0,9216.0
767,16540.0,6772.0,8836.0
768,17404.0,6940.0,9324.0
769,14896.0,6712.0,9160.0
770,14912.0,6672.0,9144.0
771,16184.0,6460.0,8552.0
772,16248.0,6932.0,9040.0
773,15236.0,6400.0,9508.0
774,15468.0,6516.0,8640.0
775,16892.0,6784.0,12840.0
776,15064.0,6492.0,8804.0
777,16096.0,6600.0,8240.0
778,15124.0,6264.0,8436.0
779,15744.0,6556.0,8312.0
780,14448.0,6144.0,8336.0
781,15360.0,6112.0,8388.0
782,16120.0,6568.0,8704.0
783,14368.0,6152.0,8192.0
784,14952.0,6316.0,8876.0
785,16320.0,6640.0,9032.0
786,15340.0,6296.0,9512.0
787,15080.0,6488.0,8788.0
788,13956.0,6280.0,8920.0
789,15212.0,6564.0,8828.0
790,14948.0,6604.0,9164.0
791,14736.0,6556.0,8888.0
792,15392.0,6568.0,8612.0
793,15336.0,6440.0,8736.0
794,14924.0,6444.0,8492.0
795,15128.0,6832.0,8856.0
796,15704.0,6504.0,9264.0
797,15408.0,6488.0,9480.0
798,15460.0,6616.0,9228.0
799,14628.0,6296.0,8668.0
800,15488.0,6644.0,8652.0
801,15712.0,6572.0,8816.0
802,14776.0,6416.0,9088.0
803,15680.0,6628.0,9208.0
804,15100.0,6460.0,9232.0
805,13792.0,6256.0,9632.0
806,13656.0,6408.0,9168.0
807,14328.0,6316.0,9396.0
808,13696.0,6472.0,9504.0
809,15360.0,6320.0,9504.0
810,14356.0,6512.0,9104.0
811,14540.0,6384.0,8412.0
812,14696.0,6524.0,8544.0
813,13712.0,6268.0,8372.0
814,14648.0,6484.0,8880.0
815,15068.0,6432.0,8684.0
816,14488.0,6360.0,8524.0
817,14844.0,6556.0,8788.0
818,15144.0,6400.0,8424.0
819,13444.0,6252.0,8392.0
820,14328.0,6256.0,8560.0
821,14984.0,6328.0,8968.0
822,13008.0,6320.0,8896.0
823,13184.0,6400.0,8444.0
824,13944.0,6256.0,8400.0
825,14504.0,6336.0,8428.0
826,14572.0,6224.0,8456.0
827,13128.0,6024.0,8608.0
828,14032.0,6056.0,9068.0
829,13828.0,6344.0,8816.0
830,13100.0,6040.0,8560.0
831,13952.0,6320.0,8736.0
832,13976.0,6304.0,8680.0
833,13948.0,6076.0,8356.0
834,14292.0,6176.0,9092.0
835,13488.0,6088.0,9000.0
836,14300.0,6248.0,8616.0
837,13888.0,6136.0,8940.0
838,13212.0,5796.0,10516.0
839,13260.0,5848.0,10532.0
840,14456.0,6024.0,10704.0
841,13396.0,5804.0,10608.0
842,13696.0,5856.0,10532.0
843,13644.0,6288.0,7632.0
844,12820.0,6148.0,7472.0
845,13796.0,6112.0,7248.0
846,13692.0,6316.0,7212.0
847,12772.0,6064.0,7208.0
848,14496.0,6432.0,7312.0
849,13540.0,6192.0,7552.0
850,13436.0,5956.0,6804.0
851,13452.0,6004.0,7300.0
852,13624.0,5984.0,7128.0
853,13420.0,5968.0,7496.0
854,13416.0,6192.0,7216.0
855,13236.0,6028.0,7480.0
856,13988.0,6044.0,7592.0
857,13792.0,6096.0,7408.0
858,13520.0,5988.0,7484.0
859,13664.0,6168.0,7336.0
860,13620.0,5976.0,6960.0
861,12764.0,5912.0,7156.0
862,13016.0,5944.0,7184.0
863,12952.0,5776.0,8388.0
864,13212.0,5904.0,7900.0
865,13100.0,6100.0,7304.0
866,13236.0,6000.0,7528.0
867,13296.0,5912.0,7168.0
868,14552.0,5928.0,7728.0
869,12664.0,5644.0,10252.0
870,13584.0,5576.0,9872.0
871,12936.0,5888.0,8304.0
872,13676.0,5976.0,7932.0
873,13864.0,5848.0,9544.0
874,12832.0,5744.0,8112.0
875,13580.0,6036.0,7680.0
876,13836.0,5984.0,8088.0
877,13208.0,6000.0,7664.0
878,12936.0,6056.0,7608.0
879,12648.0,5884.0,8388.0
880,13664.0,6120.0,7880.0
881,12832.0,5976.0,7808.0
882,13488.0,5880.0,7904.0
883,13588.0,5924.0,7716.0
884,13448.0,5764.0,8804.0
885,12936.0,5924.0,7988.0
886,12716.0,5792.0,8796.0
887,13116.0,5828.0,8384.0
888,13428.0,5972.0,8024.0
889,13352.0,5768.0,9764.0
890,12624.0,5616.0,9748.0
891,13284.0,5576.0,9696.0
892,13328.0,5792.0,7720.0
893,13400.0,5784.0,8488.0
894,13040.0,5856.0,7544.0
895,12600.0,5764.0,7404.0
896,12836.0,5760.0,7976.0
897,12572.0,5812.0,8520.0
898,12780.0,5904.0,8300.0
899,12392.0,5776.0,8008.0
900,13104.0,5800.0,7888.0
901,13460.0,5932.0,7964.0
902,13288.0,5808.0,7648.0
903,12704.0,5668.0,8452.0
904,12840.0,5860.0,7648.0
905,13216.0,5944.0,6904.0
906,12776.0,5788.0,7192.0
907,12752.0,5680.0,7364.0
908,12672.0,5728.0,7536.0
909,12916.0,5752.0,7776.0
910,13172.0,5880.0,7624.0
911,12744.0,5836.0,7952.0
912,13240.0,5836.0,7284.0
913,13000.0,5872.0,6840.0
914,13156.0,5736.0,8004.0
915,12880.0,5552.0,8320.0
916,12796.0,5732.0,8544.0
917,12632.0,5652.0,8408.0
918,12672.0,5544.0,9500.0
919,13100.0,5772.0,7652.0
920,12676.0,5796.0,7572.0
921,12740.0,5632.0,8764.0
922,12660.0,5504.0,8368.0
923,13136.0,5648.0,7560.0
924,12428.0,5612.0,7916.0
925,12524.0,5668.0,7176.0
926,13096.0,5784.0,8888.0
927,11960.0,5712.0,8048.0
928,12724.0,5700.0,7296.0
929,12832.0,5820.0,7188.0
930,12424.0,5576.0,8912.0
931,12688.0,5672.0,7880.0
932,12124.0,5588.0,8864.0
933,12704.0,5556.0,8108.0
934,12548.0,5456.0,8552.0
935,11992.0,5496.0,7424.0
936,12772.0,5692.0,7544.0
937,12116.0,5360.0,8756.0
938,12772.0,5480.0,8976.0
939,12464.0,5724.0,7108.0
940,11696.0,5520.0,7160.0
941,12864.0,5584.0,7600.0
942,12672.0,5392.0,8720.0
943,12172.0,5364.0,8836.0
944,12012.0,5264.0,8756.0
945,11904.0,5392.0,8848.0
946,12280.0,5664.0,6756.0
947,12072.0,5652.0,7384.0
948,12376.0,5708.0,6700.0
949,12208.0,5724.0,6780.0
950,12344.0,5756.0,6940.0
951,12548.0,5776.0,6900.0
952,11960.0,5592.0,6880.0
953,12184.0,5604.0,7268.0
954,12272.0,5616.0,7048.0
955,12156.0,5644.0,7588.0
956,12248.0,5496.0,7616.0
957,12180.0,5468.0,7800.0
958,12192.0,5632.0,6840.0
959,12332.0,5580.0,6840.0
960,11880.0,5408.0,7048.0
961,12556.0,5584.0,6828.0
962,12360.0,5496.0,7144.0
963,12160.0,5556.0,7408.0
964,11952.0,5456.0,7340.0
965,12600.0,5704.0,7144.0
966,11812.0,5380.0,8624.0
967,12160.0,5552.0,7560.0
968,12584.0,5668.0,6640.0
969,11580.0,5456.0,8216.0
970,12060.0,5448.0,6764.0
971,12504.0,5604.0,6640.0
972,11668.0,5416.0,6560.0
973,13000.0,5728.0,6768.0
974,12336.0,5504.0,6728.0
975,12364.0,5348.0,8188.0
976,12492.0,5264.0,8196.0
977,12364.0,5236.0,8228.0
978,12164.0,5312.0,8248.0
979,12016.0,5152.0,8224.0
980,11824.0,5236.0,8228.0
981,12332.0,5308.0,8232.0
982,12120.0,5300.0,8232.0
983,12248.0,5268.0,8208.0
984,12164.0,5212.0,8148.0
985,12592.0,5312.0,8184.0
986,11840.0,5192.0,8152.0
987,12136.0,5196.0,8104.0
988,11648.0,5240.0,8072.0
989,12336.0,5476.0,6548.0
990,12164.0,5544.0,6680.0
991,12460.0,5412.0,6668.0
992,12416.0,5448.0,6424.0
993,12272.0,5472.0,6368.0
994,12016.0,5456.0,6552.0
995,11920.0,5432.0,6488.0
996,12320.0,5596.0,6520.0
997,11808.0,5328.0,7132.0
998,11504.0,5296.0,6592.0
999,11496.0,5264.0,7776.0
1000,12416.0,5448.0,6472.0
1001,12456.0,5336.0,7468.0
1002,11860.0,5364.0,6440.0
1003,12272.0,5432.0,6748.0
1004,12192.0,5384.0,7192.0
1005,12180.0,5348.0,7448.0
1006,11888.0,5120.0,7760.0
1007,11864.0,5144.0,7752.0
1008,11920.0,5188.0,7784.0
1009,11552.0,5096.0,7744.0
1010,11548.0,5020.0,7820.0
1011,11632.0,5032.0,7768.0
1012,11440.0,5096.0,7812.0
1013,11960.0,5136.0,7800.0
1014,11500.0,5052.0,7760.0
1015,11788.0,5132.0,7816.0
1016,11784.0,5168.0,7668.0
1017,11776.0,5288.0,7256.0
1018,11308.0,5244.0,6380.0
1019,11916.0,5408.0,6376.0
1020,11628.0,5268.0,6544.0
1021,11472.0,5324.0,6512.0
1022,11296.0,5304.0,6760.0
1023,10936.0,5308.0,6268.0
1024,10384.0,5472.0,6408.0
1025,10004.0,5368.0,7100.0
1026,10296.0,5176.0,7144.0
1027,10368.0,5400.0,6216.0
1028,10344.0,5464.0,6268.0
1029,10964.0,5400.0,6032.0
1030,11384.0,5400.0,6176.0
1031,10520.0,5368.0,6352.0
1032,10904.0,5424.0,6360.0
1033,10580.0,5352.0,6420.0
1034,10632.0,5508.0,6196.0
1035,10336.0,5384.0,6104.0
1036,10840.0,5332.0,6156.0
1037,9864.0,5284.0,6284.0
1038,10296.0,5412.0,6576.0
1039,10004.0,5296.0,6236.0
1040,10600.0,5304.0,6240.0
1041,11352.0,5036.0,7240.0
1042,10740.0,5024.0,7308.0
1043,11480.0,5232.0,6040.0
1044,10768.0,4976.0,7224.0
1045,11060.0,4876.0,7260.0
1046,11384.0,5008.0,7160.0
1047,11536.0,5072.0,6824.0
1048,11284.0,4944.0,7160.0
1049,11624.0,5192.0,6544.0
1050,11208.0,5168.0,6128.0
1051,11448.0,5184.0,5920.0
1052,11300.0,5240.0,6140.0
1053,10896.0,5136.0,5784.0
1054,11000.0,4976.0,6880.0
1055,10816.0,4972.0,7012.0
1056,10900.0,4928.0,7056.0
1057,10932.0,4840.0,6968.0
1058,10352.0,4900.0,7036.0
1059,10884.0,4856.0,7000.0
1060,10952.0,4852.0,6996.0
1061,10560.0,4808.0,7004.0
1062,10344.0,4824.0,7008.0
1063,10324.0,4736.0,6952.0
1064,10612.0,4876.0,6968.0
1065,10248.0,4828.0,6936.0
1066,10464.0,4984.0,5760.0
1067,10224.0,5016.0,5800.0
1068,10056.0,4820.0,6776.0
1069,10128.0,4844.0,6964.0
1070,9856.0,4772.0,6876.0
1071,9632.0,4944.0,5896.0
1072,10020.0,4848.0,6868.0
1073,9800.0,5024.0,5760.0
1074,9472.0,5040.0,5704.0
1075,9780.0,5052.0,5672.0
1076,9912.0,5024.0,5736.0
1077,9604.0,5064.0,5660.0
1078,9152.0,5328.0,5944.0
1079,8952.0,5144.0,5856.0
1080,8932.0,5032.0,6344.0
1081,8836.0,4832.0,6700.0
1082,8864.0,4932.0,6104.0
1083,9256.0,5008.0,5792.0
1084,9228.0,4908.0,6048.0
1085,9020.0,4820.0,5996.0
1086,8736.0,5032.0,5824.0
1087,8968.0,4976.0,5672.0
1088,9148.0,4964.0,5864.0
1089,9212.0,4868.0,5620.0
1090,9248.0,4976.0,5768.0
1091,9080.0,4920.0,5792.0
1092,9020.0,4800.0,6096.0
1093,9344.0,5000.0,5616.0
1094,8492.0,5096.0,5728.0
1095,9160.0,4968.0,5640.0
1096,8640.0,5012.0,5668.0
1097,8520.0,4896.0,5684.0
1098,8624.0,4992.0,5712.0
1099,8532.0,4808.0,6096.0
1100,8984.0,4736.0,6936.0
1101,8632.0,4644.0,7028.0
1102,8948.0,4692.0,7096.0
1103,8872.0,4680.0,6960.0
1104,8972.0,4724.0,6960.0
1105,9008.0,4664.0,6880.0
1106,8768.0,4680.0,6880.0
1107,8552.0,4728.0,6872.0
1108,8420.0,4716.0,7092.0
1109,8220.0,4756.0,7020.0
1110,8352.0,4752.0,7036.0
1111,8352.0,4824.0,6280.0
1112,8512.0,4932.0,5836.0
1113,8600.0,4984.0,5936.0
1114,8396.0,4976.0,5808.0
1115,8388.0,4856.0,6240.0
1116,8672.0,4864.0,5752.0
1117,8636.0,4608.0,6672.0
1118,8296.0,4640.0,6824.0
1119,8280.0,4752.0,6776.0
1120,8112.0,4656.0,6812.0
1121,8372.0,4640.0,7664.0
1122,8224.0,4664.0,7400.0
1123,8080.0,4668.0,7520.0
1124,8320.0,4676.0,7200.0
1125,8212.0,4776.0,6528.0
1126,8256.0,4932.0,6104.0
1127,8140.0,4908.0,5964.0
1128,8232.0,4984.0,6472.0
1129,8136.0,4908.0,6100.0
1130,8336.0,4860.0,6312.0
1131,8144.0,4912.0,6240.0
1132,8072.0,4856.0,6216.0
1133,8276.0,4652.0,6256.0
1134,8360.0,4836.0,5824.0
1135,8268.0,4644.0,6704.0
1136,8500.0,4876.0,6108.0
1137,8300.0,4760.0,6180.0
1138,8312.0,4764.0,5920.0
1139,8308.0,4732.0,6556.0
1140,8488.0,4896.0,6000.0
1141,8296.0,4868.0,6068.0
1142,8336.0,4772.0,6244.0
1143,8304.0,4760.0,6280.0
1144,8152.0,4816.0,6280.0
1145,8456.0,4844.0,6160.0
1146,8244.0,4760.0,6700.0
1147,8308.0,4752.0,6184.0
1148,8224.0,4760.0,6072.0
1149,8376.0,4876.0,6124.0
1150,8304.0,4840.0,6252.0
1151,8136.0,4856.0,6288.0
1152,8292.0,4812.0,6140.0
1153,8272.0,4832.0,5968.0
1154,8244.0,4868.0,5912.0
1155,8248.0,4700.0,6316.0
1156,8260.0,4800.0,6188.0
1157,8236.0,4748.0,6476.0
1158,7960.0,4816.0,5992.0
1159,8212.0,4800.0,6128.0
1160,8096.0,4784.0,5956.0
1161,8148.0,4660.0,6644.0
1162,8020.0,4752.0,6688.0
1163,8344.0,4816.0,6088.0
1164,8072.0,4680.0,6864.0
1165,8068.0,4728.0,6312.0
1166,8096.0,4748.0,6408.0
1167,8104.0,4668.0,6512.0
1168,8112.0,4624.0,6956.0
1169,8168.0,4592.0,7040.0
1170,7936.0,4592.0,7344.0
1171,8200.0,4664.0,7152.0
1172,8028.0,4600.0,7084.0
1173,8080.0,4672.0,7104.0
1174,8096.0,4628.0,7004.0
1175,7896.0,4620.0,7036.0
1176,8240.0,4656.0,7040.0
1177,7976.0,4624.0,6928.0
1178,8180.0,4840.0,5856.0
1179,8048.0,4708.0,6544.0
1180,8024.0,4736.0,6832.0
1181,8072.0,4944.0,5912.0
1182,8216.0,4880.0,6832.0
1183,8176.0,4728.0,6936.0
1184,7760.0,4632.0,6960.0
1185,8248.0,4816.0,6776.0
1186,8000.0,4692.0,7004.0
1187,8036.0,4736.0,7020.0
1188,7960.0,4644.0,6976.0
1189,7872.0,4684.0,7128.0
1190,8112.0,4712.0,7096.0
1191,8052.0,4684.0,7072.0
1192,8016.0,4712.0,7104.0
1193,7972.0,4676.0,7048.0
1194,8080.0,4712.0,7332.0
1195,8112.0,4680.0,7160.0
1196,7920.0,4704.0,7096.0
1197,8076.0,4684.0,7048.0
1198,8120.0,4740.0,7048.0
1199,8104.0,4724.0,7024.0
1200,8024.0,4676.0,7004.0
1201,8232.0,4884.0,5944.0
1202,8088.0,4864.0,6016.0
1203,8052.0,4840.0,6056.0
1204,8052.0,4896.0,5904.0
1205,7884.0,4756.0,6412.0
1206,7976.0,4868.0,5956.0
1207,7928.0,4876.0,5916.0
1208,8040.0,4864.0,5840.0
1209,8048.0,4872.0,5952.0
1210,7840.0,4676.0,6896.0
1211,7832.0,4584.0,6972.0
1212,7672.0,4616.0,7104.0
1213,7872.0,4584.0,7104.0
1214,7864.0,4588.0,7128.0
1215,7904.0,4616.0,7168.0
1216,7948.0,4576.0,7140.0
1217,7808.0,4592.0,7184.0
1218,7928.0,4584.0,7204.0
1219,7948.0,4636.0,7300.0
1220,7956.0,4600.0,7276.0
1221,7752.0,4504.0,7288.0
1222,7976.0,4588.0,7252.0
1223,7936.0,4652.0,7248.0
1224,7956.0,4692.0,7128.0
1225,8052.0,4832.0,6164.0
1226,8044.0,4848.0,6488.0
1227,7996.0,4804.0,6384.0
1228,8128.0,4832.0,5984.0
1229,7856.0,4780.0,6208.0
1230,7952.0,4872.0,6256.0
1231,7904.0,4776.0,6168.0
1232,7868.0,4728.0,6288.0
1233,8056.0,4848.0,5728.0
1234,7824.0,4808.0,5680.0
1235,8016.0,4792.0,5856.0
1236,7792.0,4872.0,6024.0
1237,8000.0,4900.0,5740.0
1238,7828.0,4708.0,6544.0
1239,7692.0,4700.0,6200.0
1240,8064.0,4880.0,6144.0
1241,7728.0,4808.0,5768.0
1242,7844.0,4684.0,6188.0
1243,7912.0,4760.0,5784.0
1244,7840.0,4772.0,5924.0
1245,7844.0,4664.0,6208.0
1246,7848.0,4832.0,6848.0
1247,7828.0,4688.0,6104.0
1248,7932.0,4820.0,5988.0
1249,7804.0,4624.0,6600.0
1250,7904.0,4788.0,6008.0
1251,7800.0,4736.0,5972.0
1252,7952.0,4892.0,5752.0
1253,7976.0,4800.0,6152.0
1254,7912.0,4816.0,5912.0
1255,7896.0,4808.0,6216.0
1256,7852.0,4752.0,6780.0
1257,7884.0,4712.0,6752.0
1258,7848.0,4860.0,6752.0
1259,7892.0,4708.0,6180.0
1260,7888.0,4616.0,7104.0
1261,7800.0,4656.0,6984.0
1262,7880.0,4800.0,6184.0
1263,7808.0,4784.0,6120.0
1264,7912.0,4808.0,6688.0
1265,7812.0,4776.0,6208.0
1266,7540.0,4604.0,6648.0
1267,7544.0,4700.0,6940.0
1268,7612.0,4656.0,7032.0
1269,7628.0,4628.0,7044.0
1270,7516.0,4580.0,7144.0
1271,7624.0,4680.0,7136.0
1272,7560.0,4576.0,7196.0
1273,7760.0,4632.0,7208.0
1274,7648.0,4604.0,7144.0
1275,7684.0,4860.0,6016.0
1276,7668.0,4880.0,5868.0
1277,7680.0,4892.0,6220.0
1278,7704.0,4864.0,5912.0
1279,7400.0,4648.0,6784.0
1280,7592.0,4864.0,6304.0
1281,7536.0,4752.0,6592.0
1282,7616.0,4800.0,6208.0
1283,7492.0,4628.0,7052.0
1284,7640.0,4848.0,6740.0
1285,7632.0,4828.0,6336.0
1286,7624.0,4752.0,6336.0
1287,7684.0,4756.0,6628.0
1288,7744.0,4900.0,5868.0
1289,7500.0,4632.0,6836.0
1290,7568.0,4716.0,6768.0
1291,7612.0,4852.0,6156.0
1292,7580.0,4736.0,5904.0
1293,7676.0,4764.0,6260.0
1294,7608.0,4780.0,5856.0
1295,7688.0,4820.0,5940.0
1296,7728.0,4824.0,6544.0
1297,7692.0,4856.0,5932.0
1298,7528.0,4776.0,6112.0
1299,7720.0,4664.0,6712.0
1300,7704.0,4604.0,6672.0
1301,7784.0,4756.0,6888.0
1302,7748.0,4764.0,6392.0
1303,7536.0,4820.0,5972.0
1304,7564.0,4796.0,5884.0
1305,7368.0,4620.0,6748.0
1306,7620.0,4736.0,6168.0
1307,7536.0,4760.0,5768.0
1308,7600.0,4624.0,6584.0
1309,7584.0,4664.0,6632.0
1310,7580.0,4732.0,6028.0
1311,7468.0,4756.0,6208.0
1312,7576.0,4860.0,5884.0
1313,7520.0,4728.0,6512.0
1314,7516.0,4704.0,6560.0
1315,7640.0,4820.0,5676.0
1316,7708.0,4848.0,5596.0
1317,7560.0,4832.0,5648.0
1318,7608.0,4880.0,5664.0
1319,7448.0,4812.0,5960.0
1320,7472.0,4784.0,5816.0
1321,7372.0,4748.0,5868.0
1322,7508.0,4772.0,6116.0
1323,7468.0,4816.0,6396.0
1324,7592.0,4756.0,7652.0
1325,7432.0,4720.0,6176.0
1326,7644.0,4860.0,7168.0
1327,7504.0,4832.0,5788.0
1328,7444.0,4572.0,7328.0
1329,7488.0,4600.0,8088.0
1330,7312.0,4504.0,7088.0
1331,7472.0,4488.0,6984.0
1332,7420.0,4524.0,6964.0
1333,7484.0,4580.0,6944.0
1334,7484.0,4660.0,6904.0
1335,7560.0,4856.0,6952.0
1336,7400.0,4712.0,7224.0
1337,7492.0,4824.0,6548.0
1338,7492.0,4784.0,6648.0
1339,7624.0,4880.0,7184.0
1340,7484.0,4784.0,7144.0
1341,7552.0,4836.0,6292.0
1342,7512.0,4828.0,6636.0
1343,7448.0,4704.0,6008.0
1344,7416.0,4816.0,7280.0
1345,7456.0,4772.0,5916.0
1346,7432.0,4848.0,5960.0
1347,7412.0,4688.0,6852.0
1348,7408.0,4740.0,6660.0
1349,7480.0,4832.0,6460.0
1350,7432.0,4844.0,6996.0
1351,7464.0,4776.0,6696.0
1352,7384.0,4700.0,7464.0
1353,7504.0,4648.0,7300.0
1354,7404.0,4728.0,7244.0
1355,7576.0,4680.0,6404.0
1356,7504.0,4728.0,6144.0
1357,7696.0,4696.0,6912.0
1358,7636.0,4848.0,7180.0
1359,7652.0,4696.0,7428.0
1360,7504.0,4744.0,7576.0
1361,7688.0,4728.0,8608.0
1362,7592.0,4776.0,7960.0
1363,7688.0,4704.0,5512.0
1364,7456.0,4648.0,11472.0
1365,7440.0,4712.0,7528.0
1366,7516.0,4792.0,7208.0
1367,7440.0,4640.0,6540.0
1368,7412.0,4664.0,6796.0
1369,7400.0,4728.0,5792.0
1370,7464.0,4764.0,7088.0
1371,7428.0,4752.0,6680.0
1372,7384.0,4620.0,7812.0
1373,7492.0,4836.0,6908.0
1374,7440.0,4704.0,7584.0
1375,7444.0,4780.0,7248.0
1376,7464.0,4544.0,7488.0
1377,7372.0,4592.0,6832.0
1378,7632.0,4688.0,6352.0
1379,7560.0,4816.0,6412.0
1380,7476.0,4508.0,7476.0
1381,7464.0,4600.0,7596.0
1382,7608.0,4592.0,7552.0
1383,7472.0,4700.0,6560.0
1384,7560.0,4812.0,6568.0
1385,7492.0,4736.0,7056.0
1386,7612.0,4672.0,7000.0
1387,7604.0,4664.0,7744.0
1388,7628.0,4672.0,6156.0
1389,7608.0,4720.0,6584.0
1390,7708.0,4752.0,6616.0
1391,7656.0,4744.0,6696.0
1392,7676.0,4720.0,7300.0
1393,7544.0,4588.0,7836.0
1394,7532.0,4564.0,7928.0
1395,7492.0,4536.0,7964.0
1396,7708.0,4580.0,8016.0
1397,7624.0,4576.0,7540.0
1398,7636.0,4600.0,8080.0
1399,7656.0,4576.0,8008.0
1400,7632.0,4592.0,8084.0
1401,7616.0,4508.0,7516.0
1402,7504.0,4576.0,8144.0
1403,7736.0,4600.0,7864.0
1404,7496.0,4512.0,8080.0
1405,7704.0,4544.0,8048.0
1406,7464.0,4512.0,8032.0
1407,7724.0,4748.0,7056.0
1408,7712.0,4696.0,7000.0
1409,7676.0,4760.0,6332.0
1410,7504.0,4656.0,6780.0
1411,7464.0,4784.0,6836.0
1412,7408.0,4732.0,6684.0
1413,7496.0,4784.0,7248.0
1414,7192.0,4680.0,7176.0
1415,7352.0,4664.0,7976.0
1416,7208.0,4528.0,8064.0
1417,7504.0,4784.0,5800.0
1418,7496.0,4796.0,5988.0
1419,7440.0,4804.0,6288.0
1420,7540.0,4700.0,6624.0
1421,7392.0,4764.0,6132.0
1422,7420.0,4684.0,6980.0
1423,7380.0,4776.0,5792.0
1424,7536.0,4840.0,5712.0
1425,7312.0,4644.0,6560.0
1426,7536.0,4832.0,5600.0
1427,7340.0,4748.0,7080.0
1428,7496.0,4648.0,6872.0
1429,7528.0,4752.0,6000.0
1430,7456.0,4696.0,6016.0
1431,7512.0,4836.0,5896.0
1432,7436.0,4724.0,6076.0
1433,7500.0,4820.0,6028.0
1434,7408.0,4664.0,6696.0
1435,7504.0,4856.0,5760.0
1436,7296.0,4700.0,6376.0
1437,7360.0,4804.0,6044.0
1438,7468.0,4832.0,5668.0
1439,7348.0,4872.0,5928.0
1440,7488.0,4832.0,5904.0
1441,7408.0,4816.0,6120.0
1442,7472.0,4800.0,5976.0
1443,7312.0,4800.0,5856.0
1444,7448.0,4752.0,5700.0
1445,7388.0,4852.0,5852.0
1446,7328.0,4840.0,6000.0
1447,7392.0,4824.0,5936.0
1448,7272.0,4664.0,6048.0
1449,7416.0,4760.0,5876.0
1450,7404.0,4764.0,5684.0
1451,7424.0,4696.0,5776.0
1452,7500.0,4788.0,5740.0
1453,7552.0,4784.0,5536.0
1454,7400.0,4776.0,5624.0
1455,7576.0,4848.0,5648.0
1456,7296.0,4728.0,6504.0
1457,7352.0,4656.0,6608.0
1458,7272.0,4624.0,6968.0
1459,7424.0,4788.0,5792.0
1460,7408.0,4804.0,6032.0
1461,7440.0,4628.0,6672.0
1462,7388.0,4768.0,5720.0
1463,7408.0,4740.0,5952.0
1464,7384.0,4748.0,6336.0
1465,7464.0,4816.0,5624.0
1466,7668.0,4844.0,5588.0
1467,7492.0,4764.0,5952.0
1468,7704.0,4820.0,7256.0
1469,7560.0,4656.0,6160.0
1470,7604.0,4744.0,6040.0
1471,7552.0,4688.0,6048.0
1472,7612.0,4684.0,5868.0
1473,7660.0,4740.0,5852.0
1474,7692.0,4712.0,5860.0
1475,7564.0,4656.0,5800.0
1476,7628.0,4688.0,5964.0
1477,7456.0,4448.0,6824.0
1478,7584.0,4560.0,5976.0
1479,7660.0,4580.0,6912.0
1480,7540.0,4668.0,5920.0
1481,7408.0,4736.0,6604.0
1482,7352.0,4676.0,6120.0
1483,7356.0,4692.0,6176.0
1484,7348.0,4732.0,6000.0
1485,7352.0,4664.0,6000.0
1486,7304.0,4672.0,5888.0
1487,7344.0,4760.0,5688.0
1488,7468.0,4748.0,5916.0
1489,7396.0,4620.0,6616.0
1490,7404.0,4672.0,6120.0
1491,7440.0,4760.0,5984.0
1492,7580.0,4804.0,5924.0
1493,7408.0,4796.0,5768.0
1494,7572.0,4840.0,5720.0
1495,7436.0,4816.0,5616.0
1496,7440.0,4792.0,5892.0
1497,7280.0,4680.0,6340.0
1498,7444.0,4740.0,5756.0
1499,7352.0,4664.0,6232.0
1500,7408.0,4776.0,5456.0
1501,7332.0,4652.0,6396.0
1502,7328.0,4752.0,5540.0
1503,7440.0,4784.0,5512.0
1504,7464.0,4740.0,5956.0
1505,7624.0,4712.0,5832.0
1506,7592.0,4760.0,5752.0
1507,7508.0,4792.0,5784.0
1508,7444.0,4780.0,6184.0
1509,7512.0,4800.0,5848.0
1510,7376.0,4712.0,5908.0
1511,7484.0,4820.0,6048.0
1512,7432.0,4752.0,6360.0
1513,7496.0,4876.0,6012.0
1514,7396.0,4760.0,6064.0
1515,7404.0,4720.0,6380.0
1516,7408.0,4708.0,6276.0
1517,7416.0,4768.0,5992.0
1518,7392.0,4808.0,5928.0
1519,7520.0,4728.0,5824.0
1520,7536.0,4668.0,5752.0
1521,7688.0,4752.0,5784.0
1522,7556.0,4676.0,6148.0
1523,7676.0,4720.0,5820.0
1524,7688.0,4736.0,6476.0
1525,7604.0,4572.0,6304.0
1526,7652.0,4688.0,5828.0
1527,7692.0,4664.0,5744.0
1528,7612.0,4688.0,6224.0
1529,7640.0,4596.0,6084.0
1530,7528.0,4648.0,6192.0
1531,7776.0,4740.0,6368.0
1532,7628.0,4664.0,5784.0
1533,7740.0,4684.0,6280.0
1534,7596.0,4648.0,6404.0
1535,7736.0,4732.0,5704.0
1536,7680.0,4652.0,6316.0
1537,7636.0,4536.0,6880.0
1538,7592.0,4508.0,6988.0
1539,7704.0,4548.0,6924.0
1540,7736.0,4716.0,5872.0
1541,7844.0,4796.0,5840.0
1542,7840.0,4752.0,5920.0
1543,7792.0,4732.0,5792.0
1544,7724.0,4736.0,5680.0
1545,7748.0,4764.0,5620.0
1546,7800.0,4816.0,5832.0
1547,7756.0,4716.0,5924.0
1548,7724.0,4732.0,5904.0
1549,7800.0,4816.0,5904.0
1550,7736.0,4744.0,5888.0
1551,7768.0,4772.0,5776.0
1552,7784.0,4768.0,6272.0
1553,7876.0,4828.0,5676.0
1554,7760.0,4776.0,5668.0
1555,7740.0,4736.0,5684.0
1556,7688.0,4684.0,5616.0
1557,7808.0,4816.0,5544.0
1558,7680.0,4792.0,5712.0
1559,7872.0,4824.0,5712.0
1560,7784.0,4752.0,5664.0
1561,7776.0,4752.0,5692.0
1562,7704.0,4712.0,5736.0
1563,7824.0,4768.0,5724.0
1564,7792.0,4752.0,6012.0
1565,7824.0,4760.0,5960.0
1566,7712.0,4672.0,6108.0
1567,7732.0,4708.0,6076.0
1568,7712.0,4664.0,6020.0
1569,7724.0,4676.0,5804.0
1570,7856.0,4728.0,5864.0
1571,7716.0,4632.0,6108.0
1572,7740.0,4684.0,5708.0
1573,7668.0,4636.0,5824.0
1574,7784.0,4728.0,5736.0
1575,7708.0,4692.0,5628.0
1576,7780.0,4708.0,5812.0
1577,7736.0,4712.0,5972.0
1578,7692.0,4572.0,6332.0
1579,7716.0,4696.0,5644.0
1580,7732.0,4532.0,6108.0
1581,7704.0,4652.0,5984.0
1582,7880.0,4752.0,5528.0
1583,7628.0,4496.0,6764.0
1584,7732.0,4628.0,5448.0
1585,7816.0,4716.0,5584.0
1586,7864.0,4740.0,5732.0
1587,7620.0,4508.0,6740.0
1588,7648.0,4456.0,6852.0
1589,7792.0,4612.0,6836.0
1590,7888.0,4728.0,5736.0
1591,7696.0,4736.0,5568.0
1592,7864.0,4768.0,5728.0
1593,7788.0,4692.0,5828.0
1594,7688.0,4712.0,5792.0
1595,7820.0,4660.0,5944.0
1596,7860.0,4684.0,6088.0
1597,7756.0,4620.0,6192.0
1598,7828.0,4736.0,5696.0
1599,7804.0,4704.0,5656.0
1600,7852.0,4740.0,6204.0
1601,7788.0,4596.0,7300.0
1602,7632.0,4452.0,6920.0
1603,7948.0,4772.0,5876.0
1604,7800.0,4696.0,5792.0
1605,7784.0,4680.0,5736.0
1606,7832.0,4616.0,6292.0
1607,7864.0,4712.0,5716.0
1608,7896.0,4728.0,5840.0
1609,7944.0,4768.0,6480.0
1610,7824.0,4520.0,6592.0
1611,7856.0,4760.0,5648.0
1612,7936.0,4760.0,5656.0
1613,7840.0,4700.0,5636.0
1614,7948.0,4772.0,5692.0
1615,7820.0,4684.0,5564.0
1616,7896.0,4664.0,6304.0
1617,7856.0,4576.0,6216.0
1618,7844.0,4676.0,6060.0
1619,7888.0,4636.0,5832.0
1620,7812.0,4664.0,5988.0
1621,7844.0,4488.0,6880.0
1622,7732.0,4500.0,6944.0
1623,7856.0,4576.0,6936.0
1624,7896.0,4768.0,5600.0
1625,7900.0,4760.0,5464.0
1626,7820.0,4684.0,6068.0
1627,7924.0,4772.0,5640.0
1628,7872.0,4716.0,5484.0
1629,7928.0,4680.0,6520.0
1630,7792.0,4640.0,5600.0
1631,7860.0,4676.0,6292.0
1632,7820.0,4624.0,5856.0
1633,7936.0,4792.0,5728.0
1634,7852.0,4680.0,5916.0
1635,7868.0,4700.0,5920.0
1636,7868.0,4692.0,5740.0
1637,7888.0,4704.0,5760.0
1638,7960.0,4792.0,5536.0
1639,7856.0,4784.0,5628.0
1640,7700.0,4740.0,5668.0
1641,7600.0,4704.0,5868.0
1642,7400.0,4600.0,6780.0
1643,7648.0,4748.0,5988.0
1644,7460.0,4724.0,5544.0
1645,7676.0,4736.0,5760.0
1646,7604.0,4780.0,5960.0
1647,7584.0,4776.0,5832.0
1648,7684.0,4812.0,5916.0
1649,7796.0,4820.0,5672.0
1650,7696.0,4768.0,5672.0
1651,7704.0,4800.0,5680.0
1652,7704.0,4764.0,5816.0
1653,7724.0,4792.0,5612.0
1654,7724.0,4864.0,5632.0
1655,7712.0,4760.0,5776.0
1656,7808.0,4832.0,5684.0
1657,7544.0,4648.0,6072.0
1658,7688.0,4748.0,5904.0
1659,,,
1660,7784.0,4744.0,5976.0
1661,7640.0,4752.0,5992.0
1662,7808.0,4804.0,6288.0
1663,7768.0,4720.0,5836.0
1664,7908.0,4688.0,6444.0
1665,7956.0,4792.0,5828.0
1666,7932.0,4780.0,5920.0
1667,7996.0,4840.0,6048.0
1668,7744.0,4776.0,6944.0
1669,7680.0,4696.0,5640.0
1670,7688.0,4728.0,5880.0
1671,7776.0,4808.0,6068.0
1672,7688.0,4792.0,5868.0
1673,7820.0,4832.0,5880.0
1674,7768.0,4848.0,5652.0
1675,7736.0,4716.0,5740.0
1676,7772.0,4748.0,6316.0
1677,7708.0,4660.0,6828.0
1678,7832.0,4856.0,5720.0
1679,7680.0,4600.0,6880.0
1680,7676.0,4516.0,6988.0
1681,7768.0,4584.0,7072.0
1682,7768.0,4672.0,7032.0
1683,7928.0,4748.0,6476.0
1684,7824.0,4792.0,5676.0
1685,7696.0,4600.0,6808.0
1686,7924.0,4780.0,5944.0
1687,7720.0,4648.0,6708.0
1688,7836.0,4720.0,6336.0
1689,7692.0,4444.0,7144.0
1690,7944.0,4528.0,7152.0
1691,7864.0,4500.0,7068.0
1692,8012.0,4756.0,5548.0
1693,7864.0,4548.0,6672.0
1694,7920.0,4556.0,6912.0
1695,8044.0,4768.0,5464.0
1696,8028.0,4656.0,5904.0
1697,7924.0,4640.0,6172.0
1698,8036.0,4664.0,5992.0
1699,7888.0,4576.0,6336.0
1700,8040.0,4708.0,5868.0
1701,7964.0,4664.0,6080.0
1702,8072.0,4792.0,5708.0
1703,7924.0,4676.0,6020.0
1704,8048.0,4776.0,5632.0
1705,7932.0,4612.0,6784.0
1706,8012.0,4620.0,6952.0
1707,8056.0,4808.0,5660.0
1708,8048.0,4736.0,5656.0
1709,8052.0,4776.0,5632.0
1710,8000.0,4628.0,5900.0
1711,8124.0,4736.0,6488.0
1712,7896.0,4640.0,6372.0
1713,7992.0,4720.0,5688.0
1714,8180.0,4844.0,5320.0
1715,8096.0,4756.0,5272.0
1716,8148.0,4784.0,5824.0
1717,7996.0,4708.0,5876.0
1718,8104.0,4684.0,5928.0
1719,8088.0,4748.0,5868.0
1720,8068.0,4720.0,5852.0
1721,7968.0,4760.0,5872.0
1722,8028.0,4644.0,5952.0
1723,8164.0,4804.0,5880.0
1724,8108.0,4756.0,5516.0
1725,8104.0,4760.0,5824.0
1726,8108.0,4760.0,5624.0
1727,8108.0,4784.0,5648.0
1728,8052.0,4720.0,5652.0
1729,8056.0,4752.0,5856.0
1730,8032.0,4724.0,5380.0
1731,8020.0,4744.0,5748.0
1732,7980.0,4688.0,5600.0
1733,7944.0,4592.0,6928.0
1734,8008.0,4448.0,6992.0
1735,7904.0,4552.0,7016.0
1736,8164.0,4780.0,5484.0
1737,8092.0,4756.0,5648.0
1738,8116.0,4764.0,5440.0
1739,7944.0,4612.0,5884.0
1740,8108.0,4752.0,5660.0
1741,8072.0,4760.0,5700.0
1742,8144.0,4680.0,5688.0
1743,8048.0,4672.0,5764.0
1744,8096.0,4760.0,5728.0
1745,8032.0,4700.0,5776.0
1746,8156.0,4780.0,5800.0
1747,8084.0,4744.0,5716.0
1748,8136.0,4780.0,5844.0
1749,8072.0,4748.0,5632.0
1750,8200.0,4792.0,5644.0
1751,8072.0,4780.0,5756.0
1752,8188.0,4764.0,5968.0
1753,8136.0,4784.0,5832.0
1754,8188.0,4820.0,5812.0
1755,8048.0,4728.0,5824.0
1756,8136.0,4712.0,5944.0
1757,8148.0,4776.0,6040.0
1758,8164.0,4724.0,5944.0
1759,8200.0,4764.0,5868.0
1760,8168.0,4696.0,5784.0
1761,8192.0,4748.0,5988.0
1762,8180.0,4720.0,6108.0
1763,8164.0,4688.0,6064.0
1764,8168.0,4712.0,6040.0
1765,8096.0,4640.0,5972.0
1766,8164.0,4676.0,6080.0
1767,8140.0,4708.0,5872.0
1768,8168.0,4752.0,5952.0
1769,,,
1770,8192.0,4736.0,6024.0
1771,8256.0,4712.0,6288.0
1772,8184.0,4764.0,5636.0
1773,8228.0,4812.0,5760.0
1774,8108.0,4680.0,5912.0
1775,8228.0,4780.0,5748.0
1776,8072.0,4696.0,5968.0
1777,8180.0,4784.0,6212.0
1778,8080.0,4552.0,7024.0
1779,8148.0,4664.0,6488.0
1780,8244.0,4764.0,5488.0
1781,8216.0,4776.0,5592.0
1782,8288.0,4768.0,5752.0
1783,8080.0,4680.0,5800.0
1784,8196.0,4720.0,5876.0
1785,8216.0,4752.0,5616.0
1786,8192.0,4736.0,5668.0
1787,8168.0,4744.0,5856.0
1788,8252.0,4728.0,5964.0
1789,8096.0,4696.0,5748.0
1790,8252.0,4760.0,5820.0
1791,8116.0,4696.0,6048.0
1792,8216.0,4724.0,5888.0
1793,8004.0,4540.0,6964.0
1794,8104.0,4520.0,7096.0
1795,8140.0,4604.0,6152.0
1796,8240.0,4784.0,5472.0
1797,8132.0,4704.0,5772.0
1798,8152.0,4728.0,5972.0
1799,8164.0,4692.0,6132.0
1800,8212.0,4688.0,5800.0
1801,8296.0,4744.0,5760.0
1802,8120.0,4656.0,5816.0
1803,8236.0,4736.0,5764.0
1804,8176.0,4660.0,5872.0
1805,8244.0,4744.0,5956.0
1806,8240.0,4728.0,5708.0
1807,8192.0,4744.0,5688.0
1808,8352.0,4784.0,5904.0
1809,8264.0,4760.0,5880.0
1810,8152.0,4720.0,5776.0
1811,8248.0,4804.0,5396.0
1812,8264.0,4748.0,5776.0
1813,8192.0,4744.0,5688.0
1814,8272.0,4704.0,5728.0
1815,8312.0,4744.0,5816.0
1816,8116.0,4616.0,5600.0
1817,8188.0,4684.0,5820.0
1818,8240.0,4780.0,5832.0
1819,8260.0,4772.0,5656.0
1820,8164.0,4764.0,5792.0
1821,8332.0,4816.0,5944.0
1822,8256.0,4680.0,5840.0
1823,8240.0,4704.0,6224.0
1824,8240.0,4776.0,5460.0
1825,8272.0,4764.0,5468.0
1826,8176.0,4756.0,5556.0
1827,8232.0,4708.0,5712.0
1828,8320.0,4744.0,5608.0
1829,8304.0,4792.0,5632.0
1830,8056.0,4696.0,5816.0
1831,8160.0,4708.0,5976.0
1832,8140.0,4716.0,5664.0
1833,8136.0,4744.0,6004.0
1834,8132.0,4720.0,5848.0
1835,8104.0,4708.0,5972.0
1836,8196.0,4752.0,5756.0
1837,8068.0,4700.0,5852.0
1838,8152.0,4664.0,5880.0
1839,8056.0,4672.0,5948.0
1840,8200.0,4740.0,5820.0
1841,7976.0,4648.0,5752.0
1842,8176.0,4704.0,6040.0
1843,8148.0,4692.0,5772.0
1844,8200.0,4804.0,5824.0
1845,8088.0,4712.0,5804.0
1846,8180.0,4808.0,5988.0
1847,8132.0,4728.0,5672.0
1848,8120.0,4784.0,5608.0
1849,8268.0,4824.0,5748.0
1850,8100.0,4768.0,5660.0
1851,8048.0,4716.0,5832.0
1852,8132.0,4776.0,5664.0
1853,8116.0,4736.0,5692.0
1854,8040.0,4652.0,6044.0
1855,8288.0,4776.0,5728.0
1856,8168.0,4728.0,5904.0
1857,8180.0,4712.0,5936.0
1858,8088.0,4716.0,5992.0
1859,8184.0,4712.0,5928.0
1860,8184.0,4768.0,5856.0
1861,8020.0,4636.0,5896.0
1862,8032.0,4768.0,5824.0
1863,8152.0,4740.0,5896.0
1864,8116.0,4772.0,6008.0
1865,8152.0,4712.0,5864.0
1866,8176.0,4848.0,5720.0
1867,8224.0,4760.0,5816.0
1868,8072.0,4720.0,6088.0
1869,8176.0,4716.0,5728.0
1870,8132.0,4740.0,5816.0
1871,8040.0,4752.0,5744.0
1872,8236.0,4756.0,5760.0
1873,8124.0,4736.0,5796.0
1874,8104.0,4716.0,5752.0
1875,7792.0,4472.0,6888.0
1876,8224.0,4800.0,5440.0
1877,8132.0,4572.0,6896.0
1878,8024.0,4616.0,6720.0
1879,8176.0,4728.0,5652.0
1880,8104.0,4708.0,5656.0
1881,8072.0,4776.0,5832.0
1882,8264.0,4808.0,5912.0
1883,8072.0,4688.0,5816.0
1884,8196.0,4740.0,5588.0
1885,8072.0,4716.0,5644.0
1886,8172.0,4684.0,5804.0
1887,8064.0,4732.0,5752.0
1888,8188.0,4652.0,5824.0
1889,8080.0,4636.0,6048.0
1890,8140.0,4644.0,6220.0
1891,8056.0,4584.0,6944.0
1892,8132.0,4616.0,7152.0
1893,8176.0,4528.0,7112.0
1894,8056.0,4496.0,7096.0
1895,8136.0,4536.0,7112.0
1896,8232.0,4628.0,5924.0
1897,8112.0,4640.0,6044.0
1898,8176.0,4672.0,5768.0
1899,8160.0,4692.0,6236.0
1900,8088.0,4648.0,5824.0
1901,8168.0,4680.0,5600.0
1902,8128.0,4632.0,6168.0
1903,8168.0,4712.0,5684.0
1904,8244.0,4824.0,5672.0
1905,8128.0,4700.0,5876.0
1906,8112.0,4724.0,6096.0
1907,8252.0,4712.0,5912.0
1908,8136.0,4576.0,7000.0
1909,8216.0,4760.0,5360.0
1910,8196.0,4744.0,5788.0
1911,8272.0,4724.0,5600.0
1912,8212.0,4780.0,5992.0
1913,8232.0,4744.0,5768.0
1914,8336.0,4816.0,5712.0
1915,8344.0,4768.0,5776.0
1916,8272.0,4720.0,5928.0
1917,8168.0,4728.0,6004.0
1918,8072.0,4532.0,6976.0
1919,8232.0,4780.0,5744.0
1920,8256.0,4820.0,5932.0
1921,8188.0,4684.0,6048.0
1922,8188.0,4760.0,5812.0
1923,8172.0,4784.0,5556.0
1924,8200.0,4616.0,5960.0
1925,8136.0,4616.0,7048.0
1926,8160.0,4720.0,6364.0
1927,8152.0,4704.0,6144.0
1928,8192.0,4808.0,5896.0
1929,8328.0,4768.0,5680.0
1930,8192.0,4772.0,5708.0
1931,8184.0,4728.0,5764.0
1932,8108.0,4736.0,5764.0
1933,8168.0,4716.0,5804.0
1934,8072.0,4648.0,5768.0
1935,8168.0,4520.0,6904.0
1936,8160.0,4504.0,6768.0
1937,8216.0,4712.0,5916.0
1938,8292.0,4736.0,5624.0
1939,8120.0,4584.0,6552.0
1940,8140.0,4488.0,7032.0
1941,7984.0,4512.0,7080.0
1942,8240.0,4568.0,7264.0
1943,8136.0,4536.0,7104.0
1944,8264.0,4744.0,5520.0
1945,8152.0,4744.0,5400.0
1946,8204.0,4708.0,6396.0
1947,8384.0,4784.0,5448.0
1948,8120.0,4696.0,5580.0
1949,8352.0,4760.0,5744.0
1950,8276.0,4792.0,5704.0
1951,8208.0,4672.0,5640.0
1952,8256.0,4780.0,5744.0
1953,8336.0,4824.0,5760.0
1954,8128.0,4656.0,6312.0
1955,8180.0,4680.0,5960.0
1956,8096.0,4728.0,5880.0
1957,8312.0,4732.0,5904.0
1958,8224.0,4720.0,5872.0
1959,8308.0,4744.0,5896.0
1960,8124.0,4672.0,5940.0
1961,8312.0,4688.0,5976.0
1962,8152.0,4672.0,5992.0
1963,8280.0,4696.0,5792.0
1964,8216.0,4716.0,5728.0
1965,8292.0,4712.0,5796.0
1966,8156.0,4636.0,6124.0
1967,8360.0,4800.0,5752.0
1968,8304.0,4720.0,5984.0
1969,8184.0,4712.0,5888.0
1970,8212.0,4736.0,5840.0
1971,8256.0,4792.0,5912.0
1972,8224.0,4752.0,5772.0
1973,8296.0,4820.0,5824.0
1974,8364.0,4784.0,5756.0
1975,8296.0,4780.0,6032.0
1976,8216.0,4748.0,6008.0
1977,8312.0,4688.0,6160.0
1978,8192.0,4608.0,7080.0
1979,8120.0,4508.0,7076.0
1980,8252.0,4612.0,7124.0
1981,8176.0,4768.0,5456.0
1982,8408.0,4728.0,5552.0
1983,8260.0,4808.0,5680.0
1984,8312.0,4792.0,5688.0
1985,8244.0,4768.0,5828.0
1986,8336.0,4784.0,5704.0
1987,8256.0,4748.0,6012.0
1988,8048.0,4712.0,5944.0
1989,8376.0,4832.0,5824.0
1990,8204.0,4744.0,5716.0
1991,8216.0,4768.0,5808.0
1992,8204.0,4696.0,5676.0
1993,8352.0,4808.0,5880.0
1994,8184.0,4748.0,5684.0
1995,8300.0,4784.0,5748.0
1996,8228.0,4772.0,5644.0
1997,8264.0,4788.0,5652.0
1998,8328.0,4704.0,5768.0
1999,8268.0,4796.0,5844.0
2000,8160.0,4792.0,5832.0
2001,8392.0,4816.0,5680.0
2002,8308.0,4836.0,5724.0
2003,8304.0,4796.0,5708.0
2004,8200.0,4764.0,5796.0
2005,8364.0,4836.0,5808.0
2006,8072.0,4784.0,5752.0
2007,8384.0,4784.0,5744.0
2008,8296.0,4720.0,5800.0
2009,8288.0,4704.0,6184.0
2010,8296.0,4768.0,5936.0
2011,8284.0,4752.0,5700.0
2012,8228.0,4760.0,5744.0
2013,7904.0,4528.0,5496.0
2014,8332.0,4752.0,5896.0
2015,8280.0,4720.0,5888.0
2016,8220.0,4780.0,6060.0
2017,8296.0,4724.0,5760.0
2018,8252.0,4748.0,5872.0
2019,8200.0,4744.0,5824.0
2020,8360.0,4816.0,5816.0
2021,8352.0,4760.0,5744.0
2022,8228.0,4704.0,5752.0
2023,8348.0,4744.0,5940.0
2024,8260.0,4796.0,5804.0
2025,8288.0,4752.0,5812.0
2026,8344.0,4792.0,5824.0
2027,8408.0,4824.0,5792.0
2028,8092.0,4688.0,6016.0
2029,8332.0,4732.0,5852.0
2030,8228.0,4784.0,5772.0
2031,8352.0,4808.0,5784.0
2032,8304.0,4784.0,5768.0
2033,8324.0,4780.0,5808.0
2034,8352.0,4856.0,5776.0
2035,8320.0,4768.0,5784.0
2036,8320.0,4756.0,5704.0
2037,8208.0,4696.0,6024.0
2038,8332.0,4764.0,5880.0
2039,8176.0,4668.0,6220.0
2040,8384.0,4696.0,6224.0
2041,8368.0,4784.0,6056.0
2042,8352.0,4760.0,6168.0
2043,8212.0,4680.0,6376.0
2044,8272.0,4680.0,5928.0
2045,8456.0,4808.0,5840.0
2046,8276.0,4744.0,6092.0
2047,8316.0,4836.0,5968.0
2048,8276.0,4740.0,6124.0
2049,8252.0,4736.0,6324.0
2050,8296.0,4756.0,6244.0
2051,8328.0,4768.0,6104.0
2052,8296.0,4720.0,6216.0
2053,8312.0,4672.0,6424.0
2054,8252.0,4684.0,6112.0
2055,8344.0,4752.0,6048.0
2056,8152.0,4580.0,7140.0
2057,8172.0,4584.0,7248.0
2058,8200.0,4544.0,7232.0
2059,8260.0,4580.0,7140.0
2060,8208.0,4792.0,5464.0
2061,8536.0,4888.0,5672.0
2062,8488.0,4832.0,5752.0
2063,8432.0,4832.0,5704.0
2064,8304.0,4732.0,5840.0
2065,8432.0,4804.0,5884.0
2066,8148.0,4708.0,5520.0
2067,8504.0,4792.0,5656.0
2068,8328.0,4696.0,6240.0
2069,8256.0,4572.0,7248.0
2070,8208.0,4584.0,7240.0
2071,8308.0,4596.0,7296.0
2072,8328.0,4552.0,7288.0
2073,8344.0,4616.0,7344.0
2074,8296.0,4592.0,7296.0
2075,8312.0,4528.0,7296.0
2076,8352.0,4556.0,7300.0
2077,8320.0,4572.0,7316.0
2078,8328.0,4580.0,7308.0
2079,8352.0,4600.0,7316.0
2080,8328.0,4752.0,5872.0
2081,8536.0,4776.0,6120.0
2082,8452.0,4756.0,6172.0
2083,8380.0,4756.0,6060.0
2084,8440.0,4616.0,7136.0
2085,8228.0,4536.0,7260.0
2086,8312.0,4512.0,7268.0
2087,8380.0,4588.0,7336.0
2088,,,
2089,8372.0,4544.0,7288.0
2090,8264.0,4516.0,7280.0
2091,8384.0,4508.0,7308.0
2092,8220.0,4460.0,7272.0
2093,8368.0,4540.0,7308.0
2094,9004.0,4504.0,7284.0
2095,8656.0,4496.0,7304.0
2096,8524.0,4504.0,7296.0
2097,8968.0,4512.0,7316.0
2098,8816.0,4516.0,7332.0
2099,8832.0,4600.0,7344.0
2100,8796.0,4512.0,7320.0
2101,8688.0,4560.0,7368.0
2102,8432.0,4488.0,7360.0
2103,8600.0,4516.0,7368.0
2104,8808.0,4544.0,7372.0
2105,8544.0,4504.0,7320.0
2106,8684.0,4648.0,7360.0
2107,8400.0,4584.0,7328.0
2108,8680.0,4624.0,7336.0
2109,8944.0,4816.0,5832.0
2110,8636.0,4800.0,5716.0
2111,8876.0,4816.0,5668.0
2112,8544.0,4684.0,6540.0
2113,8704.0,4752.0,6004.0
2114,8824.0,4660.0,6536.0
2115,8852.0,4700.0,6088.0
2116,8928.0,4760.0,5912.0
2117,8608.0,4756.0,5696.0
2118,8672.0,4692.0,6240.0
2119,8680.0,4744.0,6248.0
2120,8720.0,4832.0,5584.0
2121,8824.0,4832.0,5912.0
2122,8720.0,4752.0,6060.0
2123,8720.0,4712.0,6188.0
2124,8796.0,4768.0,5940.0
2125,8680.0,4824.0,5744.0
2126,8896.0,4848.0,5880.0
2127,9264.0,4768.0,5912.0
2128,8680.0,4768.0,5816.0
2129,8696.0,4764.0,5924.0
2130,8592.0,4772.0,5944.0
2131,8704.0,4700.0,5868.0
2132,8556.0,4764.0,5812.0
2133,8508.0,4728.0,5868.0
2134,9016.0,4772.0,6052.0
2135,8892.0,4820.0,6052.0
2136,8840.0,4792.0,6008.0
2137,8788.0,4752.0,6076.0
2138,8844.0,4808.0,6100.0
2139,8696.0,4768.0,6120.0
2140,8708.0,4744.0,6044.0
2141,8800.0,4792.0,5960.0
2142,8616.0,4700.0,5992.0
2143,8728.0,4804.0,6032.0
2144,8828.0,4780.0,5972.0
2145,8736.0,4824.0,6092.0
2146,8892.0,4844.0,6084.0
2147,8816.0,4796.0,6084.0
2148,8696.0,4752.0,6024.0
2149,8812.0,4820.0,5956.0
2150,8780.0,4788.0,5920.0
2151,8872.0,4808.0,6020.0
2152,8720.0,4700.0,6136.0
2153,8836.0,4720.0,6240.0
2154,8800.0,4764.0,5980.0
2155,8912.0,4848.0,5916.0
2156,8772.0,4780.0,6296.0
2157,8780.0,4768.0,6308.0
2158,8768.0,4744.0,6152.0
2159,8812.0,4772.0,6132.0
2160,8748.0,4732.0,6032.0
2161,8856.0,4840.0,6128.0
2162,8784.0,4780.0,6140.0
2163,8732.0,4716.0,6256.0
2164,8804.0,4784.0,6208.0
2165,8768.0,4764.0,6124.0
2166,8792.0,4856.0,6032.0
2167,8784.0,4840.0,5864.0
2168,8768.0,4776.0,5912.0
2169,8744.0,4816.0,6016.0
2170,8664.0,4776.0,5968.0
2171,8712.0,4820.0,6236.0
2172,8772.0,4760.0,6168.0
2173,8704.0,4764.0,6184.0
2174,8776.0,4732.0,6136.0
2175,8672.0,4720.0,6184.0
2176,8768.0,4808.0,6416.0
2177,8696.0,4752.0,6304.0
2178,8692.0,4716.0,6280.0
2179,8636.0,4732.0,6308.0
2180,8696.0,4756.0,6212.0
2181,8592.0,4792.0,6040.0
2182,8804.0,4836.0,6252.0
2183,8708.0,4752.0,6140.0
2184,8704.0,4676.0,6668.0
2185,8580.0,4580.0,7320.0
2186,8600.0,4548.0,7352.0
2187,8736.0,4644.0,7428.0
2188,8696.0,4588.0,7424.0
2189,8728.0,4584.0,7448.0
2190,8708.0,4628.0,7356.0
2191,8840.0,4796.0,6044.0
2192,8812.0,4844.0,6152.0
2193,8880.0,4920.0,6264.0
2194,8696.0,4688.0,6304.0
2195,8768.0,4784.0,6220.0
2196,8764.0,4760.0,6504.0
2197,8804.0,4824.0,6144.0
2198,8800.0,4732.0,6468.0
2199,8700.0,4696.0,6288.0
2200,8720.0,4780.0,6452.0
2201,8696.0,4720.0,6296.0
2202,8832.0,4736.0,6120.0
2203,8712.0,4832.0,6208.0
2204,8760.0,4772.0,5872.0
2205,8720.0,4808.0,5944.0
2206,8664.0,4744.0,5792.0
2207,8616.0,4768.0,5848.0
2208,8760.0,4772.0,5936.0
2209,8812.0,4768.0,6252.0
2210,8688.0,4792.0,6280.0
2211,8696.0,4744.0,6068.0
2212,8688.0,4812.0,5916.0
2213,8360.0,4584.0,5832.0
2214,8848.0,4824.0,6000.0
2215,8756.0,4808.0,5868.0
2216,8640.0,4728.0,6308.0
2217,8688.0,4740.0,6244.0
2218,8756.0,4876.0,5844.0
2219,8760.0,4832.0,5824.0
2220,8748.0,4812.0,6236.0
2221,8792.0,4836.0,6048.0
2222,8856.0,4840.0,6064.0
2223,8756.0,4816.0,6184.0
2224,8680.0,4772.0,6144.0
2225,8628.0,4720.0,6320.0
2226,8792.0,4784.0,6208.0
2227,8784.0,4900.0,5900.0
2228,8856.0,4792.0,5856.0
2229,8688.0,4784.0,6028.0
2230,8756.0,4752.0,6188.0
2231,8704.0,4736.0,6068.0
2232,8796.0,4872.0,6224.0
2233,8612.0,4636.0,6092.0
2234,8764.0,4776.0,6344.0
2235,8744.0,4748.0,6260.0
2236,8752.0,4784.0,6360.0
2237,8744.0,4776.0,6472.0
2238,8612.0,4624.0,6296.0
2239,8784.0,4828.0,6300.0
2240,8760.0,4712.0,6148.0
2241,8688.0,4780.0,6252.0
2242,8708.0,4652.0,6484.0
2243,8700.0,4684.0,6156.0
2244,8700.0,4728.0,6444.0
2245,8784.0,4712.0,6216.0
2246,8632.0,4760.0,6312.0
2247,8668.0,4760.0,6116.0
2248,8680.0,4792.0,5840.0
2249,8856.0,4804.0,6140.0
2250,8708.0,4660.0,6292.0
2251,8700.0,4640.0,6460.0
2252,8840.0,4836.0,6244.0
2253,8888.0,4848.0,6032.0
2254,8672.0,4776.0,6064.0
2255,8816.0,4816.0,6016.0
2256,8800.0,4792.0,6224.0
2257,8776.0,4772.0,6352.0
2258,8728.0,4768.0,6012.0
2259,8844.0,4892.0,6140.0
2260,8872.0,4808.0,6072.0
2261,8976.0,4752.0,6288.0
2262,8728.0,4720.0,6152.0
2263,8680.0,4820.0,6172.0
2264,8764.0,4748.0,6508.0
2265,8632.0,4728.0,6192.0
2266,8736.0,4788.0,6136.0
2267,8688.0,4660.0,6436.0
2268,8596.0,4532.0,7384.0
2269,8704.0,4560.0,7552.0
2270,8652.0,4652.0,7624.0
2271,9004.0,4612.0,7544.0
2272,9008.0,4616.0,7560.0
2273,8880.0,4564.0,7516.0
2274,8848.0,4536.0,7536.0
2275,9008.0,4560.0,7584.0
2276,9044.0,4588.0,7616.0
2277,8760.0,4464.0,7496.0
2278,9124.0,4612.0,7552.0
2279,8924.0,4516.0,7540.0
2280,8864.0,4520.0,7632.0
2281,9120.0,4536.0,7584.0
2282,9072.0,4556.0,7560.0
2283,9064.0,4564.0,7640.0
2284,9032.0,4492.0,7552.0
2285,9100.0,4592.0,7652.0
2286,9072.0,4472.0,7584.0
2287,9128.0,4592.0,7768.0
2288,8832.0,4496.0,7520.0
2289,9008.0,4560.0,7596.0
2290,8884.0,4504.0,7564.0
2291,8992.0,4504.0,7528.0
2292,8988.0,4512.0,7616.0
2293,9076.0,4524.0,7616.0
2294,9160.0,4632.0,7640.0
2295,9148.0,4600.0,7612.0
2296,9016.0,4512.0,7584.0
2297,9040.0,4544.0,7592.0
2298,9104.0,4608.0,7612.0
2299,8960.0,4508.0,7568.0
2300,8984.0,4544.0,7612.0
2301,8948.0,4572.0,7568.0
2302,9016.0,4592.0,7648.0
2303,9028.0,4556.0,7580.0
2304,9000.0,4584.0,7560.0
2305,8976.0,4584.0,7528.0
2306,8908.0,4564.0,7484.0
2307,8956.0,4536.0,7492.0
2308,9088.0,4704.0,6024.0
2309,9080.0,4772.0,6076.0
2310,9016.0,4840.0,5848.0
2311,9100.0,4888.0,5836.0
2312,9000.0,4800.0,6008.0
2313,9040.0,4816.0,5728.0
2314,9072.0,4784.0,5680.0
2315,9072.0,4960.0,5688.0
2316,9116.0,4896.0,5732.0
2317,9124.0,4824.0,6000.0
2318,9024.0,4776.0,6732.0
2319,8888.0,4744.0,5608.0
2320,9028.0,4844.0,5784.0
2321,9024.0,4812.0,6096.0
2322,9032.0,4808.0,6112.0
2323,9080.0,4840.0,5968.0
2324,8964.0,4712.0,6300.0
2325,9000.0,4744.0,6000.0
2326,9040.0,4836.0,6040.0
2327,9168.0,4844.0,6296.0
2328,9128.0,4760.0,5968.0
2329,9096.0,4856.0,6032.0
2330,9072.0,4776.0,5880.0
2331,9376.0,4848.0,6136.0
2332,8992.0,4792.0,5904.0
2333,8944.0,4764.0,5764.0
2334,8848.0,4832.0,5784.0
2335,8896.0,4772.0,5968.0
2336,8756.0,4824.0,5924.0
2337,8732.0,4800.0,5744.0
2338,8864.0,4916.0,5908.0
2339,8816.0,4840.0,6040.0
2340,8796.0,4792.0,5900.0
2341,8760.0,4720.0,6032.0
2342,8816.0,4864.0,5880.0
2343,8832.0,4784.0,5872.0
2344,8740.0,4876.0,5892.0
2345,9160.0,4896.0,5800.0
2346,8892.0,4876.0,5916.0
2347,8828.0,4756.0,5948.0
2348,8812.0,4776.0,5920.0
2349,8784.0,4840.0,6064.0
2350,8624.0,4792.0,6248.0
2351,8896.0,4852.0,5872.0
2352,8716.0,4708.0,6376.0
2353,8996.0,4632.0,6436.0
2354,8512.0,4804.0,6300.0
2355,8984.0,4816.0,6104.0
2356,8884.0,4880.0,6176.0
2357,8880.0,4760.0,6064.0
2358,9024.0,4840.0,6268.0
2359,9040.0,4640.0,6088.0
2360,9044.0,4784.0,6268.0
2361,9020.0,4756.0,6100.0
2362,9160.0,4760.0,6288.0
2363,9024.0,4640.0,7168.0
2364,8984.0,4752.0,5784.0
2365,9328.0,4864.0,5744.0
2366,9312.0,4792.0,5728.0
2367,9144.0,4800.0,6184.0
2368,9000.0,4812.0,5908.0
2369,9224.0,4732.0,5892.0
2370,9184.0,4740.0,5860.0
2371,9136.0,4816.0,6120.0
2372,9016.0,4840.0,5808.0
2373,9096.0,4816.0,6040.0
2374,9040.0,4840.0,6008.0
2375,8936.0,4720.0,5948.0
2376,8944.0,4788.0,6064.0
2377,8944.0,4736.0,5928.0
2378,9140.0,4844.0,6008.0
2379,9324.0,4824.0,5932.0
2380,9308.0,4780.0,6052.0
2381,9260.0,4808.0,6300.0
2382,9128.0,4752.0,6176.0
2383,9136.0,4780.0,5952.0
2384,9160.0,4816.0,6424.0
2385,9128.0,4664.0,6140.0
2386,9204.0,4800.0,5884.0
2387,9056.0,4640.0,6160.0
2388,9116.0,4772.0,6124.0
2389,9128.0,4648.0,6456.0
2390,9136.0,4812.0,6648.0
2391,9072.0,4760.0,6352.0
2392,9104.0,4800.0,6056.0
2393,9068.0,4780.0,6432.0
2394,9008.0,4700.0,7008.0
2395,8984.0,4744.0,5992.0
2396,9088.0,4792.0,6048.0
2397,9060.0,4800.0,6056.0
2398,9008.0,4624.0,6816.0
2399,9084.0,4764.0,6656.0
2400,9116.0,4804.0,6272.0
2401,9036.0,4744.0,6036.0
2402,9156.0,4852.0,6256.0
2403,9116.0,4740.0,6116.0
2404,9056.0,4752.0,6136.0
2405,8984.0,4616.0,7536.0
2406,8984.0,4548.0,7580.0
2407,9192.0,4912.0,5720.0
2408,9148.0,4932.0,5780.0
2409,9168.0,4800.0,5784.0
2410,9144.0,4816.0,6320.0
2411,9132.0,4856.0,6072.0
2412,9096.0,4752.0,5996.0
2413,9128.0,4824.0,6160.0
2414,9036.0,4756.0,6240.0
2415,8992.0,4840.0,6016.0
2416,9104.0,4856.0,6080.0
2417,8968.0,4744.0,6292.0
2418,9048.0,4816.0,5996.0
2419,8976.0,4768.0,6272.0
2420,8968.0,4660.0,6680.0
2421,9072.0,4808.0,6008.0
2422,8992.0,4760.0,5992.0
2423,9028.0,4728.0,6104.0
2424,9024.0,4736.0,6788.0
2425,9160.0,4816.0,5728.0
2426,9204.0,4784.0,6156.0
2427,9096.0,4712.0,6080.0
2428,9108.0,4684.0,6300.0
2429,9092.0,4720.0,6780.0
2430,9204.0,4808.0,5756.0
2431,9192.0,4792.0,6004.0
2432,9256.0,4792.0,6464.0
2433,9056.0,4656.0,6328.0
2434,9176.0,4656.0,7364.0
2435,9136.0,4696.0,5936.0
2436,9336.0,4764.0,6336.0
2437,9240.0,4700.0,6048.0
2438,9156.0,4856.0,5980.0
2439,9140.0,4804.0,6128.0
2440,9128.0,4848.0,6352.0
2441,9048.0,4712.0,6360.0
2442,9044.0,4696.0,6324.0
2443,9136.0,4728.0,6632.0
2444,9008.0,4548.0,7580.0
2445,9088.0,4660.0,7548.0
2446,9224.0,4720.0,5748.0
2447,9208.0,4796.0,6136.0
2448,9112.0,4728.0,6040.0
2449,9156.0,4836.0,5880.0
2450,9228.0,4800.0,5816.0
2451,9256.0,4784.0,6184.0
2452,9268.0,4880.0,6156.0
2453,9204.0,4828.0,6144.0
2454,9104.0,4712.0,6120.0
2455,9156.0,4716.0,6152.0
2456,9136.0,4752.0,5896.0
2457,9160.0,4804.0,6264.0
2458,9192.0,4748.0,6180.0
2459,9168.0,4752.0,6288.0
2460,9200.0,4772.0,5808.0
2461,9344.0,4756.0,6036.0
2462,9288.0,4792.0,6160.0
2463,9300.0,4796.0,6520.0
2464,9208.0,4688.0,6256.0
2465,9288.0,4800.0,6008.0
2466,9224.0,4712.0,6720.0
2467,9376.0,4824.0,6088.0
2468,9216.0,4648.0,5920.0
2469,9192.0,4744.0,6032.0
2470,9208.0,4852.0,5868.0
2471,9248.0,4724.0,5920.0
2472,9144.0,4776.0,6104.0
2473,9240.0,4744.0,6392.0
2474,9280.0,4828.0,6212.0
2475,9432.0,4836.0,5900.0
2476,9880.0,4792.0,6148.0
2477,9304.0,4880.0,6248.0
2478,9504.0,4688.0,6648.0
2479,9400.0,4736.0,6252.0
2480,9384.0,4720.0,6384.0
2481,9308.0,4672.0,6440.0
2482,9348.0,4648.0,6704.0
2483,9392.0,4676.0,6760.0
2484,9444.0,4752.0,6036.0
2485,9464.0,4640.0,5968.0
2486,9512.0,4704.0,6448.0
2487,9600.0,4820.0,6216.0
2488,9512.0,4720.0,5888.0
2489,9520.0,4656.0,7296.0
2490,9520.0,4800.0,6736.0
2491,9608.0,4872.0,6008.0
2492,9500.0,4684.0,6224.0
2493,9608.0,4856.0,6004.0
2494,9472.0,4724.0,6400.0
2495,9464.0,4800.0,6172.0
2496,9616.0,4904.0,6000.0
2497,9472.0,4772.0,6384.0
2498,9416.0,4752.0,6296.0
2499,9512.0,4880.0,6440.0
2500,9572.0,4728.0,6636.0
2501,9504.0,4836.0,6260.0
2502,9520.0,4848.0,6480.0
2503,9368.0,4728.0,6588.0
2504,9316.0,4740.0,6312.0
2505,9332.0,4760.0,6672.0
2506,9492.0,4848.0,6244.0
2507,9356.0,4792.0,6980.0
2508,9464.0,4672.0,6468.0
2509,9288.0,4744.0,6584.0
2510,9508.0,4764.0,6524.0
2511,9408.0,4716.0,6956.0
2512,9496.0,4880.0,5976.0
2513,9288.0,4728.0,6164.0
2514,9412.0,4816.0,6360.0
2515,9544.0,4984.0,6104.0
2516,9508.0,4764.0,6428.0
2517,9120.0,4624.0,7480.0
2518,9376.0,4848.0,6816.0
2519,9216.0,4736.0,6836.0
2520,9352.0,4808.0,6048.0
2521,9288.0,4888.0,5928.0
2522,9632.0,4880.0,6120.0
2523,9440.0,4856.0,6320.0
2524,9408.0,4824.0,6112.0
2525,9272.0,4640.0,7472.0
2526,9440.0,4692.0,6676.0
2527,9340.0,4728.0,6832.0
2528,9380.0,4876.0,5876.0
2529,9600.0,4928.0,6008.0
2530,9344.0,4800.0,6064.0
2531,9496.0,4832.0,6064.0
2532,9340.0,4776.0,6364.0
2533,9416.0,4808.0,6280.0
2534,9396.0,4796.0,6292.0
2535,9344.0,4712.0,6400.0
2536,9352.0,4824.0,6480.0
2537,9428.0,4756.0,6520.0
2538,9448.0,4884.0,6440.0
2539,9328.0,4760.0,6536.0
2540,9276.0,4784.0,6632.0
2541,9332.0,4860.0,6528.0
2542,9432.0,4880.0,6472.0
2543,9344.0,4636.0,7636.0
2544,9684.0,4816.0,6084.0
2545,9584.0,4800.0,6364.0
2546,9476.0,4796.0,6148.0
2547,9576.0,4876.0,6380.0
2548,9644.0,4856.0,6232.0
2549,9600.0,4852.0,6204.0
2550,9560.0,4816.0,6332.0
2551,9476.0,4780.0,6436.0
2552,9472.0,4664.0,7704.0
2553,9556.0,4856.0,6324.0
2554,9448.0,4700.0,6224.0
2555,9460.0,4600.0,7244.0
2556,9448.0,4544.0,7768.0
2557,9576.0,4664.0,7800.0
2558,9484.0,4576.0,7768.0
2559,9476.0,4628.0,7792.0
2560,9720.0,4672.0,7856.0
2561,9512.0,4628.0,7788.0
2562,9552.0,4720.0,7544.0
2563,9784.0,4968.0,5864.0
2564,9576.0,4856.0,5904.0
2565,9692.0,4776.0,6168.0
2566,9688.0,4776.0,6388.0
2567,9648.0,4736.0,6196.0
2568,9528.0,4748.0,6164.0
2569,9592.0,4648.0,7496.0
2570,9680.0,4864.0,6392.0
2571,9536.0,4752.0,6692.0
2572,9620.0,4868.0,6392.0
2573,9580.0,4796.0,6176.0
2574,9620.0,4764.0,6620.0
2575,9536.0,4744.0,6504.0
2576,9576.0,4808.0,6532.0
2577,9508.0,4856.0,6344.0
2578,9496.0,4768.0,6432.0
2579,9604.0,4824.0,6500.0
2580,9764.0,4796.0,6388.0
2581,9548.0,4800.0,6332.0
2582,9612.0,4716.0,6600.0
2583,9608.0,4728.0,6384.0
2584,9676.0,4840.0,6460.0
2585,9628.0,4772.0,6560.0
2586,9736.0,4776.0,6760.0
2587,9704.0,4808.0,6744.0
2588,9596.0,4652.0,6548.0
2589,9552.0,4744.0,6600.0
2590,9592.0,4852.0,6248.0
2591,9520.0,4780.0,6912.0
2592,9588.0,4788.0,6468.0
2593,9612.0,4804.0,6568.0
2594,9548.0,4776.0,6664.0
2595,9624.0,4820.0,6444.0
2596,9768.0,4880.0,6576.0
2597,9696.0,4804.0,6328.0
2598,9712.0,4860.0,6460.0
2599,9528.0,4792.0,6376.0
2600,9624.0,4712.0,6568.0
2601,9628.0,4788.0,6560.0
2602,9780.0,4788.0,6220.0
2603,9912.0,4760.0,6240.0
2604,9832.0,4624.0,6408.0
2605,9640.0,4776.0,6296.0
2606,9692.0,4672.0,6596.0
2607,9640.0,4680.0,6624.0
2608,9680.0,4808.0,6672.0
2609,9592.0,4768.0,6352.0
2610,9384.0,4664.0,6580.0
2611,9628.0,4816.0,6760.0
2612,9548.0,4644.0,6920.0
2613,9560.0,4664.0,7748.0
2614,9636.0,4736.0,6096.0
2615,9548.0,4828.0,6320.0
2616,9456.0,4768.0,6288.0
2617,9448.0,4824.0,6504.0
2618,9576.0,4776.0,6700.0
2619,9504.0,4788.0,6508.0
2620,9424.0,4824.0,6664.0
2621,9556.0,4716.0,7728.0
2622,9492.0,4636.0,7816.0
2623,9500.0,4600.0,7784.0
2624,9568.0,4792.0,6292.0
2625,9560.0,4832.0,5936.0
2626,9448.0,4792.0,6256.0
2627,9428.0,4776.0,6992.0
2628,9676.0,4820.0,6308.0
2629,9772.0,4972.0,6232.0
2630,9788.0,4820.0,6124.0
2631,9904.0,4824.0,6312.0
2632,9940.0,4988.0,6216.0
2633,9768.0,4792.0,6392.0
2634,9788.0,4832.0,6472.0
2635,9712.0,4764.0,6608.0
2636,9792.0,4916.0,6260.0
2637,9692.0,4860.0,6452.0
2638,9720.0,4848.0,6280.0
2639,9792.0,4664.0,6432.0
2640,9792.0,4792.0,6392.0
2641,9672.0,4708.0,7568.0
2642,9752.0,4844.0,6184.0
2643,9772.0,4916.0,6316.0
2644,9588.0,4744.0,5940.0
2645,9816.0,4920.0,6280.0
2646,9840.0,4968.0,6080.0
2647,9696.0,4792.0,6320.0
2648,9684.0,4836.0,6600.0
2649,9664.0,4876.0,6264.0
2650,9632.0,4772.0,6500.0
2651,9740.0,4804.0,6492.0
2652,9640.0,4792.0,6480.0
2653,9776.0,4904.0,6624.0
2654,9672.0,4820.0,6388.0
2655,9644.0,4780.0,6468.0
2656,9612.0,4764.0,6432.0
2657,9536.0,4792.0,6568.0
2658,9604.0,4820.0,6372.0
2659,9768.0,4904.0,6640.0
2660,9632.0,4780.0,6300.0
2661,9668.0,4808.0,6408.0
2662,9624.0,4816.0,6584.0
2663,9720.0,4808.0,6584.0
2664,9652.0,4852.0,6488.0
2665,9776.0,4864.0,6304.0
2666,9700.0,4828.0,6364.0
2667,9728.0,4852.0,6580.0
2668,9784.0,4840.0,6600.0
2669,9760.0,4856.0,6656.0
2670,9780.0,4776.0,6488.0
2671,9804.0,4792.0,6452.0
2672,9700.0,4860.0,6420.0
2673,9828.0,4760.0,6336.0
2674,9692.0,4836.0,6820.0
2675,9796.0,4816.0,6504.0
2676,9896.0,4896.0,6544.0
2677,9912.0,4856.0,6528.0
2678,9808.0,4776.0,6800.0
2679,9960.0,4844.0,6540.0
2680,9880.0,4812.0,6284.0
2681,9856.0,4864.0,6400.0
2682,10056.0,4816.0,6584.0
2683,10100.0,4816.0,6896.0
2684,9984.0,4864.0,6688.0
2685,9912.0,4776.0,6512.0
2686,9924.0,4732.0,6568.0
2687,9988.0,4816.0,6392.0
2688,9992.0,4864.0,6664.0
2689,9976.0,4864.0,6568.0
2690,10048.0,4864.0,6508.0
2691,10152.0,4920.0,6480.0
2692,10160.0,4840.0,6648.0
2693,10036.0,4676.0,6656.0
2694,10136.0,4784.0,6644.0
2695,10112.0,4760.0,6580.0
2696,10112.0,4820.0,6772.0
2697,10080.0,4776.0,6720.0
2698,10272.0,4872.0,6424.0
2699,10168.0,4744.0,6496.0
2700,10180.0,4820.0,6288.0
2701,10236.0,4836.0,6528.0
2702,10216.0,4880.0,6632.0
2703,10040.0,4744.0,6512.0
2704,10152.0,4856.0,6472.0
2705,10168.0,4880.0,6456.0
2706,10108.0,4880.0,6504.0
2707,10084.0,4836.0,6640.0
2708,10096.0,4844.0,6420.0
2709,10092.0,4744.0,7604.0
2710,10088.0,4696.0,6256.0
2711,10096.0,4856.0,6424.0
2712,10048.0,4848.0,6504.0
2713,9984.0,4728.0,6804.0
2714,10000.0,4800.0,6764.0
2715,10112.0,4864.0,7224.0
2716,10016.0,4740.0,6832.0
2717,10040.0,4816.0,6800.0
2718,10096.0,4896.0,6792.0
2719,10020.0,4688.0,7028.0
2720,10160.0,4860.0,6656.0
2721,10096.0,4784.0,6608.0
2722,10164.0,4860.0,6572.0
2723,10088.0,4776.0,6536.0
2724,10164.0,4892.0,6696.0
2725,10088.0,4864.0,6448.0
2726,10012.0,4888.0,6592.0
2727,10044.0,4964.0,6288.0
2728,9908.0,4704.0,7184.0
2729,10004.0,4904.0,6764.0
2730,9924.0,4792.0,6764.0
2731,9884.0,4692.0,7628.0
2732,9844.0,4720.0,6952.0
2733,9992.0,4904.0,6512.0
2734,9960.0,4896.0,6304.0
2735,10052.0,4916.0,6244.0
2736,10176.0,4944.0,6056.0
2737,10036.0,4820.0,6312.0
2738,10084.0,5020.0,6252.0
2739,9968.0,4844.0,6596.0
2740,10008.0,4900.0,6468.0
2741,10012.0,4892.0,6428.0
2742,9868.0,4768.0,6496.0
2743,9968.0,4928.0,6376.0
2744,9888.0,4792.0,6544.0
2745,9964.0,4864.0,6480.0
2746,9908.0,4800.0,6468.0
2747,10000.0,4848.0,6000.0
2748,9992.0,4872.0,6400.0
2749,10040.0,4912.0,6512.0
2750,9960.0,4816.0,6320.0
2751,10032.0,4900.0,6184.0
2752,10104.0,4808.0,6408.0
2753,10040.0,4828.0,6368.0
2754,10016.0,4772.0,6620.0
2755,10048.0,4840.0,6816.0
2756,10068.0,4848.0,6540.0
2757,9984.0,4840.0,6424.0
2758,10080.0,4848.0,6464.0
2759,10104.0,4804.0,6532.0
2760,9992.0,4808.0,6696.0
2761,9968.0,4844.0,6536.0
2762,10008.0,4880.0,6552.0
2763,10008.0,4832.0,6720.0
2764,10008.0,4888.0,6304.0
2765,10088.0,4912.0,6240.0
2766,10032.0,4808.0,6344.0
2767,9988.0,4668.0,7892.0
2768,10032.0,4656.0,7912.0
2769,9960.0,4616.0,7984.0
2770,9960.0,4620.0,8016.0
2771,10148.0,4892.0,6212.0
2772,10128.0,4904.0,6160.0
2773,10200.0,4948.0,6296.0
2774,10132.0,4824.0,6292.0
2775,10244.0,4932.0,6296.0
2776,10152.0,4880.0,6240.0
2777,10244.0,4976.0,6424.0
2778,10196.0,4884.0,6456.0
2779,10132.0,4760.0,6508.0
2780,10248.0,4932.0,6560.0
2781,10200.0,4840.0,6504.0
2782,10184.0,4872.0,6440.0
2783,10228.0,4876.0,6596.0
2784,10164.0,4816.0,6508.0
2785,10148.0,4876.0,6364.0
2786,10088.0,4776.0,6224.0
2787,10164.0,4880.0,6596.0
2788,10232.0,4944.0,6456.0
2789,10168.0,4872.0,6312.0
2790,10168.0,4900.0,6396.0
2791,10120.0,4828.0,6472.0
2792,10112.0,4852.0,6464.0
2793,10072.0,4832.0,6400.0
2794,10080.0,4832.0,6328.0
2795,10088.0,4856.0,6368.0
2796,10120.0,4928.0,6428.0
2797,10044.0,4812.0,6700.0
2798,10056.0,4768.0,6936.0
2799,10040.0,4736.0,6580.0
2800,10140.0,4832.0,6632.0
2801,10056.0,4768.0,6744.0
2802,10088.0,4816.0,6712.0
2803,10092.0,4796.0,6856.0
2804,10132.0,4908.0,6744.0
2805,10160.0,4808.0,7292.0
2806,10136.0,4788.0,7036.0
2807,10160.0,4912.0,6792.0
2808,10112.0,4768.0,6992.0
2809,10200.0,4880.0,6632.0
2810,10144.0,4752.0,6264.0
2811,10232.0,4916.0,6852.0
2812,10128.0,4772.0,6416.0
2813,10216.0,4944.0,6656.0
2814,10108.0,4788.0,6548.0
2815,10104.0,4848.0,6672.0
2816,10124.0,4796.0,6808.0
2817,10156.0,4944.0,6704.0
2818,10068.0,4872.0,6560.0
2819,10076.0,4828.0,7016.0
2820,10184.0,4952.0,6696.0
2821,10032.0,4808.0,6644.0
2822,10140.0,4844.0,6460.0
2823,10076.0,4836.0,6244.0
2824,10052.0,4792.0,6732.0
2825,10004.0,4812.0,6788.0
2826,10108.0,4856.0,6860.0
2827,10088.0,4796.0,6588.0
2828,10128.0,4852.0,6872.0
2829,10192.0,4840.0,6616.0
2830,10140.0,4884.0,6668.0
2831,10136.0,4876.0,6920.0
2832,10144.0,4896.0,6912.0
2833,10048.0,4704.0,6744.0
2834,10088.0,4832.0,6848.0
2835,10080.0,4836.0,7020.0
2836,10108.0,4828.0,6620.0
2837,10144.0,4876.0,6408.0
2838,10128.0,4772.0,6896.0
2839,10096.0,4768.0,6768.0
2840,10172.0,4872.0,6864.0
2841,10012.0,4728.0,7436.0
2842,10088.0,4896.0,6860.0
2843,9996.0,4760.0,6852.0
2844,9976.0,4808.0,6568.0
2845,10028.0,4872.0,6876.0
2846,9968.0,4792.0,6792.0
2847,10104.0,4856.0,6544.0
2848,9972.0,4760.0,6632.0
2849,9948.0,4784.0,6696.0
2850,10072.0,4984.0,6256.0
2851,9968.0,4852.0,6400.0
2852,9992.0,4820.0,6700.0
2853,9956.0,4848.0,6604.0
2854,9956.0,4820.0,6484.0
2855,10044.0,4792.0,6464.0
2856,10068.0,4920.0,6412.0
2857,10040.0,4904.0,6568.0
2858,10028.0,4816.0,6632.0
2859,10136.0,4896.0,6432.0
2860,10128.0,4848.0,6608.0
2861,10176.0,5008.0,6528.0
2862,10136.0,4896.0,6712.0
2863,10184.0,4824.0,6532.0
2864,10060.0,4860.0,6724.0
2865,9936.0,4880.0,6504.0
2866,9996.0,4892.0,6696.0
2867,9988.0,4916.0,6676.0
2868,9932.0,4820.0,6664.0
2869,9932.0,4824.0,6648.0
2870,10080.0,4952.0,6592.0
2871,10032.0,4864.0,6676.0
2872,10040.0,4904.0,6776.0
2873,9944.0,4824.0,6592.0
2874,10056.0,4896.0,6608.0
2875,9940.0,4856.0,6824.0
2876,10052.0,4888.0,6564.0
2877,10036.0,4880.0,6600.0
2878,9980.0,4900.0,6844.0
2879,9908.0,4792.0,6516.0
2880,10040.0,4864.0,6852.0
2881,9984.0,4832.0,6616.0
2882,10112.0,4952.0,6672.0
2883,10176.0,4840.0,7176.0
2884,9936.0,4756.0,6900.0
2885,10000.0,4824.0,6728.0
2886,9968.0,4904.0,6728.0
2887,9928.0,4948.0,6772.0
2888,9800.0,4692.0,7976.0
2889,9912.0,4888.0,6480.0
2890,9988.0,4936.0,6268.0
2891,9892.0,4888.0,6316.0
2892,10076.0,4976.0,6324.0
2893,9896.0,4816.0,6752.0
2894,9916.0,4888.0,6728.0
2895,9904.0,4892.0,6372.0
2896,9884.0,4912.0,6596.0
2897,9940.0,4880.0,6948.0
2898,10136.0,4952.0,6832.0
2899,10024.0,4824.0,6616.0
2900,10012.0,4828.0,6640.0
2901,10108.0,4932.0,6700.0
2902,10088.0,4832.0,6840.0
2903,10040.0,4904.0,7208.0
2904,10056.0,4912.0,6456.0
2905,10160.0,4916.0,6640.0
2906,10164.0,4920.0,6472.0
2907,10144.0,4920.0,6508.0
2908,10136.0,4952.0,6580.0
2909,10088.0,4868.0,7124.0
2910,10160.0,4956.0,6828.0
2911,10224.0,4940.0,6596.0
2912,10136.0,4992.0,6348.0
2913,10068.0,5004.0,6532.0
2914,10108.0,4896.0,6464.0
2915,10008.0,4912.0,6480.0
2916,10060.0,4968.0,6716.0
2917,10276.0,5028.0,6992.0
2918,10020.0,4880.0,6616.0
2919,10056.0,4980.0,6308.0
2920,10048.0,4920.0,6376.0
2921,10000.0,4956.0,6680.0
2922,10008.0,4920.0,6804.0
2923,10112.0,5052.0,6496.0
2924,10040.0,4968.0,6492.0
2925,10008.0,4928.0,6408.0
2926,10044.0,4964.0,6700.0
2927,10024.0,4936.0,6524.0
2928,10056.0,4936.0,6376.0
2929,10124.0,5012.0,6688.0
2930,9992.0,4816.0,6440.0
2931,10168.0,5016.0,6728.0
2932,10064.0,4892.0,6396.0
2933,10104.0,4912.0,6648.0
2934,10116.0,4892.0,6512.0
2935,10180.0,5004.0,6868.0
2936,10120.0,4912.0,6628.0
2937,10180.0,4932.0,6688.0
2938,10192.0,4920.0,6400.0
2939,10104.0,4924.0,6688.0
2940,10168.0,4876.0,6460.0
2941,10140.0,4980.0,6440.0
2942,10244.0,4972.0,6536.0
2943,10176.0,4912.0,6336.0
2944,10248.0,5016.0,6376.0
2945,10188.0,4924.0,6748.0
2946,10128.0,4880.0,6712.0
2947,10132.0,4856.0,7016.0
2948,10136.0,4824.0,7672.0
2949,10180.0,4924.0,6768.0
2950,10152.0,4880.0,6732.0
2951,10280.0,4952.0,6496.0
2952,10212.0,4944.0,6404.0
2953,10248.0,4952.0,6640.0
2954,10208.0,4980.0,6588.0
2955,10164.0,4980.0,6400.0
2956,10156.0,4848.0,6592.0
2957,10120.0,4956.0,6332.0
2958,10248.0,5052.0,6428.0
2959,10208.0,4936.0,6360.0
2960,10152.0,4932.0,6668.0
2961,10128.0,5016.0,6528.0
2962,10192.0,5016.0,6672.0
2963,10172.0,5064.0,6536.0
2964,10064.0,4924.0,6488.0
2965,10072.0,4940.0,6588.0
2966,9976.0,5008.0,6580.0
2967,10008.0,4972.0,6608.0
2968,9980.0,4892.0,6460.0
2969,10008.0,4912.0,6528.0
2970,10044.0,4948.0,6660.0
2971,10080.0,5008.0,6620.0
2972,10060.0,5012.0,6460.0
2973,9976.0,4972.0,6620.0
2974,9992.0,4980.0,6412.0
2975,9912.0,4952.0,6428.0
2976,10120.0,5160.0,6528.0
2977,10136.0,4968.0,6496.0
2978,10000.0,4952.0,6576.0
2979,10060.0,4980.0,6720.0
2980,9960.0,4908.0,6764.0
2981,9920.0,4808.0,6520.0
2982,10040.0,5004.0,7884.0
2983,9928.0,5080.0,6544.0
2984,9944.0,4896.0,6524.0
2985,10052.0,4924.0,6472.0
2986,10260.0,4916.0,6252.0
2987,10236.0,5032.0,6548.0
2988,10172.0,4852.0,6332.0
2989,10296.0,4952.0,6584.0
2990,10408.0,5124.0,6264.0
2991,10300.0,4960.0,6344.0
2992,10316.0,5008.0,6436.0
2993,10232.0,4976.0,6408.0
2994,10344.0,5044.0,6448.0
2995,10248.0,4984.0,6376.0
2996,10116.0,4892.0,6436.0
2997,10188.0,4948.0,6428.0
2998,10160.0,4856.0,6560.0
2999,10204.0,5048.0,6532.0
3000,10128.0,4752.0,6328.0
3001,10236.0,4988.0,6516.0
3002,10124.0,4836.0,6408.0
3003,10232.0,4944.0,6544.0
3004,10232.0,4956.0,6368.0
3005,10172.0,4860.0,6540.0
3006,10340.0,5016.0,6432.0
3007,10376.0,4960.0,6608.0
3008,10584.0,5096.0,6488.0
3009,10264.0,4912.0,6484.0
3010,10424.0,4968.0,6464.0
3011,10276.0,4928.0,6588.0
3012,10348.0,5080.0,6520.0
3013,10160.0,5048.0,6416.0
3014,10208.0,4888.0,6520.0
3015,10220.0,4912.0,6520.0
3016,10292.0,4908.0,6572.0
3017,10388.0,4940.0,6364.0
3018,10352.0,4896.0,6540.0
3019,10384.0,5008.0,6292.0
3020,10232.0,4824.0,6232.0
3021,10248.0,4880.0,6256.0
3022,10232.0,4904.0,6344.0
3023,10308.0,4988.0,6380.0
3024,10220.0,4996.0,6544.0
3025,10204.0,4876.0,6328.0
3026,10228.0,4980.0,6432.0
3027,10164.0,4884.0,6624.0
3028,10288.0,5048.0,7032.0
3029,10280.0,4936.0,6448.0
3030,10300.0,4896.0,6440.0
3031,10436.0,4880.0,6628.0
3032,10496.0,4960.0,6624.0
3033,10488.0,4976.0,6588.0
3034,10368.0,4864.0,6472.0
3035,10416.0,4884.0,6576.0
3036,10424.0,4860.0,6436.0
3037,10456.0,4908.0,6636.0
3038,10416.0,4876.0,6524.0
3039,10424.0,4856.0,6564.0
3040,10368.0,4992.0,6896.0
3041,10412.0,4840.0,6732.0
3042,10424.0,4888.0,7192.0
3043,10472.0,4980.0,6856.0
3044,10432.0,4896.0,6648.0
3045,10532.0,5020.0,6556.0
3046,10552.0,4976.0,6744.0
3047,10520.0,4864.0,6384.0
3048,10560.0,4924.0,6408.0
3049,10544.0,4960.0,6568.0
3050,10572.0,4960.0,6548.0
3051,10548.0,4968.0,6696.0
3052,10512.0,4904.0,6564.0
3053,10528.0,4984.0,6608.0
3054,10388.0,4780.0,6420.0
3055,10488.0,4912.0,6624.0
3056,10548.0,4928.0,6608.0
3057,10488.0,4932.0,6448.0
3058,10444.0,4812.0,6332.0
3059,10464.0,4840.0,6480.0
3060,10488.0,4824.0,6512.0
3061,10424.0,4924.0,6432.0
3062,10480.0,4780.0,6692.0
3063,10536.0,4824.0,6864.0
3064,10492.0,4852.0,6804.0
3065,10472.0,4800.0,6980.0
3066,10536.0,4892.0,6796.0
3067,10536.0,4860.0,6864.0
3068,10508.0,4760.0,6556.0
3069,10452.0,4820.0,6684.0
3070,10504.0,4936.0,6612.0
3071,10436.0,4860.0,6684.0
3072,10484.0,4904.0,6680.0
3073,10376.0,4768.0,6396.0
3074,10460.0,4900.0,6684.0
3075,10544.0,4952.0,6624.0
3076,10548.0,4932.0,6760.0
3077,10540.0,4920.0,6740.0
3078,10540.0,4900.0,7152.0
3079,10456.0,4896.0,6772.0
3080,10536.0,4904.0,6560.0
3081,10480.0,4824.0,6400.0
3082,10476.0,5020.0,6516.0
3083,10404.0,4804.0,6480.0
3084,10512.0,4944.0,6584.0
3085,10384.0,4656.0,6960.0
3086,10568.0,4944.0,6448.0
3087,10532.0,4976.0,6716.0
3088,10552.0,4908.0,6548.0
3089,10620.0,4960.0,6764.0
3090,10688.0,4860.0,6696.0
3091,10660.0,4796.0,6456.0
3092,10768.0,4920.0,6620.0
3093,10788.0,4924.0,6652.0
3094,10800.0,4896.0,6624.0
3095,10696.0,4732.0,7224.0
3096,10868.0,5004.0,6876.0
3097,10648.0,5016.0,6648.0
3098,10624.0,4920.0,6688.0
3099,10648.0,4976.0,6760.0
3100,10576.0,4884.0,6684.0
3101,10528.0,4896.0,6884.0
3102,10516.0,4808.0,6656.0
3103,10504.0,4872.0,6632.0
3104,10580.0,4932.0,7788.0
3105,10492.0,4896.0,6616.0
3106,10636.0,4912.0,6680.0
3107,10656.0,4928.0,7072.0
3108,10700.0,5036.0,6688.0
3109,10536.0,4876.0,7048.0
3110,10520.0,4856.0,6692.0
3111,10464.0,4720.0,6536.0
3112,10552.0,4944.0,6480.0
3113,10576.0,4908.0,6748.0
3114,10528.0,4920.0,6892.0
3115,10448.0,4784.0,6800.0
3116,10536.0,4928.0,6724.0
3117,10572.0,4956.0,6992.0
3118,10528.0,4920.0,6800.0
3119,10544.0,4856.0,7088.0
3120,10568.0,4904.0,6848.0
3121,10576.0,4928.0,6888.0
3122,10608.0,5008.0,6872.0
3123,10556.0,4940.0,6668.0
3124,10464.0,4704.0,6552.0
3125,10560.0,4888.0,6984.0
3126,10520.0,4824.0,6544.0
3127,10576.0,4952.0,6400.0
3128,10592.0,4960.0,6424.0
3129,10512.0,4840.0,6552.0
3130,10560.0,4896.0,6504.0
3131,10552.0,4976.0,6384.0
3132,10560.0,4944.0,6396.0
3133,10536.0,4936.0,6488.0
3134,10548.0,4932.0,6576.0
3135,10512.0,4904.0,6508.0
3136,10488.0,5000.0,6392.0
3137,10484.0,4880.0,6480.0
3138,10528.0,4976.0,6416.0
3139,10456.0,4884.0,6460.0
3140,10548.0,5036.0,6804.0
3141,10488.0,4936.0,6580.0
3142,10556.0,4960.0,6844.0
3143,10440.0,4840.0,6936.0
3144,10448.0,4920.0,6784.0
3145,10440.0,4776.0,6608.0
3146,10432.0,4904.0,6712.0
3147,10312.0,4724.0,6428.0
3148,10460.0,4904.0,6564.0
3149,10456.0,4864.0,6576.0
3150,10424.0,4864.0,6472.0
3151,10440.0,4952.0,6576.0
3152,10424.0,4992.0,6420.0
3153,10440.0,4884.0,6460.0
3154,10368.0,4792.0,6652.0
3155,10360.0,4732.0,6460.0
3156,10512.0,4944.0,6552.0
3157,10368.0,4728.0,7040.0
3158,10372.0,4800.0,6796.0
3159,10384.0,4832.0,6856.0
3160,10368.0,4824.0,6696.0
3161,10456.0,4896.0,6676.0
3162,10540.0,4948.0,6608.0
3163,10584.0,4916.0,6604.0
3164,10544.0,4776.0,6624.0
3165,10696.0,5008.0,6384.0
3166,10624.0,4944.0,6692.0
3167,10544.0,4824.0,6532.0
3168,10656.0,4992.0,6632.0
3169,10592.0,4952.0,6472.0
3170,10544.0,4784.0,6632.0
3171,10588.0,4928.0,6500.0
3172,10608.0,4968.0,6896.0
3173,10532.0,4896.0,6308.0
3174,10504.0,4752.0,6504.0
3175,10548.0,4920.0,6312.0
3176,10516.0,4788.0,6220.0
3177,10584.0,4944.0,6520.0
3178,10544.0,4904.0,6240.0
3179,10576.0,4896.0,6568.0
3180,10428.0,4688.0,6240.0
3181,10584.0,4920.0,6448.0
3182,10620.0,4912.0,6336.0
3183,10552.0,4888.0,6284.0
3184,10672.0,4936.0,6420.0
3185,10648.0,4948.0,6348.0
3186,10644.0,4916.0,6580.0
3187,10724.0,5064.0,6704.0
3188,10612.0,4896.0,6360.0
3189,10684.0,4992.0,6616.0
3190,10616.0,4832.0,6464.0
3191,10632.0,4944.0,6592.0
3192,10600.0,4884.0,6488.0
3193,10544.0,4856.0,6320.0
3194,10564.0,4920.0,6460.0
3195,10616.0,4984.0,6624.0
3196,10504.0,4872.0,6592.0
3197,10488.0,4812.0,6632.0
3198,10492.0,4988.0,6532.0
3199,10556.0,4936.0,6596.0
3200,10524.0,4888.0,6588.0
3201,10528.0,4824.0,6520.0
3202,10528.0,4840.0,6504.0
3203,10524.0,4828.0,6536.0
3204,10600.0,4920.0,6456.0
3205,10544.0,4876.0,6472.0
3206,10624.0,4952.0,6676.0
3207,10540.0,4976.0,6540.0
3208,10536.0,4808.0,6536.0
3209,10568.0,4880.0,6504.0
3210,10656.0,4944.0,6568.0
3211,10628.0,4876.0,6812.0
3212,10636.0,4912.0,6452.0
3213,10628.0,4824.0,6488.0
3214,10592.0,4800.0,6992.0
3215,10680.0,4884.0,6904.0
3216,10656.0,4896.0,6608.0
3217,10688.0,4872.0,7000.0
3218,10596.0,4804.0,6796.0
3219,10720.0,4940.0,6848.0
3220,10672.0,4892.0,6868.0
3221,10640.0,4828.0,6556.0
3222,10608.0,4856.0,6472.0
3223,10676.0,4852.0,6964.0
3224,10688.0,4920.0,6776.0
3225,10632.0,4840.0,6680.0
3226,10632.0,4848.0,6820.0
3227,10636.0,4860.0,7012.0
3228,10592.0,4788.0,6996.0
3229,10552.0,4824.0,6840.0
3230,10640.0,4880.0,6760.0
3231,10608.0,4880.0,6712.0
3232,10568.0,4704.0,6776.0
3233,10604.0,4912.0,6592.0
3234,10680.0,4888.0,6968.0
3235,10536.0,4824.0,6992.0
3236,10488.0,4624.0,6792.0
3237,10632.0,4872.0,7016.0
3238,10624.0,4864.0,7036.0
3239,10600.0,4796.0,6816.0
3240,10688.0,4932.0,6620.0
3241,10660.0,4856.0,6596.0
3242,10720.0,4944.0,6504.0
3243,10632.0,4872.0,6568.0
3244,10688.0,4952.0,6688.0
3245,10748.0,4940.0,6620.0
3246,10720.0,4892.0,6656.0
3247,10760.0,4872.0,6416.0
3248,10792.0,5016.0,6736.0
3249,10696.0,4820.0,6600.0
3250,10728.0,4896.0,6728.0
3251,10760.0,4932.0,6880.0
3252,10728.0,4916.0,6692.0
3253,10700.0,4900.0,6756.0
3254,10640.0,4880.0,7104.0
3255,10644.0,4900.0,6624.0
3256,10660.0,4936.0,6976.0
3257,10800.0,5040.0,6744.0
3258,10720.0,4928.0,6616.0
3259,10804.0,5040.0,7948.0
3260,10704.0,4904.0,6640.0
3261,10728.0,4968.0,6720.0
3262,10760.0,4968.0,6664.0
3263,10804.0,4872.0,6712.0
3264,10772.0,4900.0,6772.0
3265,10816.0,4928.0,7024.0
3266,10816.0,4936.0,6936.0
3267,10704.0,4744.0,6736.0
3268,10788.0,4916.0,6740.0
3269,10636.0,4724.0,6580.0
3270,10752.0,4864.0,6740.0
3271,10776.0,5020.0,6692.0
3272,10764.0,4900.0,6616.0
3273,10772.0,4900.0,6664.0
3274,10760.0,4864.0,6880.0
3275,10824.0,5024.0,6776.0
3276,10728.0,4880.0,6688.0
3277,10748.0,4880.0,6568.0
3278,10812.0,4980.0,6656.0
3279,10804.0,4924.0,6540.0
3280,10672.0,4776.0,6364.0
3281,10896.0,4992.0,6628.0
3282,10792.0,4896.0,6528.0
3283,10792.0,5072.0,6696.0
3284,10732.0,4900.0,6656.0
3285,10744.0,4968.0,6964.0
3286,10720.0,4888.0,6580.0
3287,10768.0,4992.0,6792.0
3288,10692.0,4820.0,6780.0
3289,10756.0,4836.0,6920.0
3290,10704.0,4972.0,6752.0
3291,10704.0,4872.0,6980.0
3292,10792.0,4960.0,7008.0
3293,10808.0,4912.0,7344.0
3294,10704.0,4896.0,7224.0
3295,10616.0,4896.0,7008.0
3296,10576.0,4952.0,6720.0
3297,10576.0,4880.0,6800.0
3298,10548.0,4864.0,7212.0
3299,10580.0,4880.0,6972.0
3300,10596.0,4908.0,6836.0
3301,10712.0,5032.0,6740.0
3302,10628.0,4920.0,6984.0
3303,10708.0,5008.0,6852.0
3304,10552.0,4812.0,7940.0
3305,10636.0,4996.0,7120.0
3306,10556.0,4844.0,7000.0
3307,10656.0,4984.0,7072.0
3308,10680.0,4996.0,7108.0
3309,10640.0,4908.0,6812.0
3310,10608.0,4932.0,6760.0
3311,10708.0,4860.0,6796.0
3312,10724.0,5020.0,6764.0
3313,10684.0,4884.0,6580.0
3314,10644.0,4924.0,6772.0
3315,10560.0,4876.0,7156.0
3316,10552.0,4940.0,6920.0
3317,10504.0,4852.0,6952.0
3318,10504.0,4888.0,7072.0
3319,10576.0,4864.0,7080.0
3320,10608.0,4872.0,6976.0
3321,10416.0,4752.0,6928.0
3322,10504.0,4976.0,6832.0
3323,10444.0,4892.0,7436.0
3324,10580.0,5016.0,6608.0
3325,10632.0,5092.0,6616.0
3326,10712.0,5180.0,7972.0
3327,10640.0,4936.0,6876.0
3328,10712.0,5048.0,7284.0
3329,10624.0,5008.0,6928.0
3330,10624.0,4976.0,6996.0
3331,10516.0,4860.0,7116.0
3332,10652.0,4960.0,7212.0
3333,10552.0,4992.0,6632.0
3334,10472.0,4760.0,6824.0
3335,10628.0,4996.0,7008.0
3336,736.0,3404.0,6708.0
3337,752.0,3356.0,5924.0
3338,968.0,3360.0,5972.0
3339,920.0,3312.0,6936.0
3340,1072.0,3296.0,5860.0
3341,1240.0,3544.0,5816.0
3342,808.0,3176.0,5880.0
3343,1256.0,3388.0,6844.0
3344,868.0,3236.0,5188.0
3345,1376.0,3336.0,5584.0
3346,692.0,3224.0,5604.0
3347,720.0,3200.0,5920.0
3348,744.0,3144.0,6136.0
3349,1288.0,3292.0,6372.0
3350,1456.0,3328.0,5720.0
3351,1104.0,3168.0,5924.0
3352,888.0,3240.0,5720.0
3353,1928.0,3352.0,6776.0
3354,1336.0,3432.0,6264.0
3355,1160.0,3304.0,6360.0
3356,1036.0,3184.0,5624.0
3357,1076.0,3180.0,5528.0
3358,1380.0,3384.0,5600.0
3359,1132.0,3112.0,5468.0
3360,1176.0,3112.0,5552.0
3361,1396.0,3240.0,5596.0
3362,1544.0,3232.0,5464.0
3363,1432.0,3208.0,5632.0
3364,1784.0,3472.0,5544.0
3365,1720.0,3296.0,5488.0
3366,1640.0,3312.0,5496.0
3367,1000.0,3064.0,5352.0
3368,1200.0,3096.0,5424.0
3369,1392.0,3252.0,5048.0
3370,1040.0,3004.0,4944.0
3371,1384.0,3120.0,5024.0
3372,1512.0,3176.0,5040.0
3373,1712.0,3244.0,5120.0
3374,1808.0,3256.0,5068.0
3375,1824.0,3272.0,5080.0
3376,2020.0,3316.0,5344.0
3377,1896.0,3332.0,5100.0
3378,1624.0,3280.0,5132.0
3379,1688.0,3192.0,5528.0
3380,1736.0,3344.0,5200.0
3381,1592.0,3212.0,5140.0
3382,1820.0,3304.0,5268.0
3383,1792.0,3288.0,5144.0
3384,1640.0,3176.0,5132.0
3385,1944.0,3360.0,5292.0
3386,1928.0,3328.0,5176.0
3387,2064.0,3360.0,5200.0
3388,2196.0,3440.0,5584.0
3389,2224.0,3432.0,5724.0
3390,2168.0,3404.0,5760.0
3391,1884.0,3284.0,5432.0
3392,1960.0,3292.0,5612.0
3393,2016.0,3384.0,5448.0
3394,1940.0,3404.0,5592.0
3395,2104.0,3376.0,5456.0
3396,1912.0,3272.0,5476.0
3397,2104.0,3384.0,5636.0
3398,1972.0,3276.0,5840.0
3399,1600.0,3216.0,5348.0
3400,1440.0,2984.0,6472.0
3401,1896.0,3328.0,5608.0
3402,1984.0,3376.0,5480.0
3403,1920.0,3332.0,5824.0
3404,2144.0,3392.0,5776.0
3405,2040.0,3360.0,5776.0
3406,2148.0,3400.0,6000.0
3407,2040.0,3344.0,5696.0
3408,2012.0,3340.0,5996.0
3409,2076.0,3352.0,5640.0
3410,2116.0,3384.0,5660.0
3411,2184.0,3304.0,5640.0
3412,2168.0,3352.0,5680.0
3413,2184.0,3304.0,5996.0
3414,2128.0,3232.0,6760.0
3415,2176.0,3168.0,5568.0
3416,2368.0,3440.0,5608.0
3417,2320.0,3376.0,5584.0
3418,2576.0,3472.0,5584.0
3419,2524.0,3480.0,5756.0
3420,2264.0,3360.0,5544.0
3421,2160.0,3416.0,5608.0
3422,2252.0,3360.0,5712.0
3423,2160.0,3284.0,5692.0
3424,2148.0,3376.0,5704.0
3425,2136.0,3384.0,5608.0
3426,2228.0,3372.0,5588.0
3427,2224.0,3332.0,5504.0
3428,2200.0,3304.0,5456.0
3429,2244.0,3396.0,5684.0
3430,2360.0,3400.0,5364.0
3431,2212.0,3376.0,5404.0
3432,2284.0,3460.0,5452.0
3433,2260.0,3436.0,5384.0
3434,2304.0,3440.0,5492.0
3435,2328.0,3432.0,5512.0
3436,2312.0,3456.0,5524.0
3437,2272.0,3392.0,5544.0
3438,2228.0,3400.0,5488.0
3439,2232.0,3400.0,5488.0
3440,2248.0,3412.0,5436.0
3441,1464.0,3144.0,5440.0
3442,1648.0,3208.0,5316.0
3443,3908.0,4028.0,5776.0
3444,5524.0,4560.0,6108.0
3445,2384.0,3496.0,5908.0
3446,2360.0,3544.0,6096.0
3447,2408.0,3564.0,5680.0
3448,2300.0,3480.0,5580.0
3449,2380.0,3552.0,5592.0
3450,2556.0,3652.0,5624.0
3451,3400.0,3856.0,5760.0
3452,2660.0,3688.0,5664.0
3453,2184.0,3560.0,5544.0
3454,2428.0,3556.0,5524.0
3455,2688.0,3784.0,5636.0
3456,2612.0,3704.0,5660.0
3457,2736.0,3800.0,5808.0
3458,2368.0,3680.0,5912.0
3459,2412.0,3560.0,5800.0
3460,2528.0,3696.0,5824.0
3461,3872.0,4160.0,6088.0
3462,4248.0,4328.0,6144.0
3463,3620.0,3892.0,5860.0
3464,3192.0,3940.0,5940.0
3465,4064.0,4332.0,6104.0
3466,5008.0,4592.0,6264.0
3467,5640.0,4752.0,6232.0
3468,2944.0,3944.0,5864.0
3469,5012.0,4432.0,6164.0
3470,3200.0,3952.0,5832.0
3471,5840.0,4856.0,6440.0
3472,4592.0,4500.0,6148.0
3473,4672.0,4580.0,6436.0
3474,3488.0,4024.0,6104.0
3475,4444.0,4356.0,6388.0
3476,4516.0,4360.0,6460.0
3477,2284.0,3592.0,5796.0
3478,3120.0,3848.0,5984.0
3479,2992.0,3704.0,5816.0
3480,2680.0,3728.0,5880.0
3481,3492.0,3976.0,5920.0
3482,4916.0,4404.0,6176.0
3483,4544.0,4360.0,6296.0
3484,4520.0,4384.0,6232.0
3485,4452.0,4296.0,6308.0
3486,1756.0,3452.0,5800.0
3487,4076.0,4220.0,6064.0
3488,4800.0,4440.0,6432.0
3489,4536.0,4344.0,6112.0
3490,4544.0,4452.0,6328.0
3491,3672.0,4008.0,6080.0
3492,2008.0,3452.0,5652.0
3493,1956.0,3444.0,5608.0
3494,1936.0,3436.0,5528.0
3495,1952.0,3452.0,5512.0
3496,1936.0,3424.0,5548.0
3497,1920.0,3416.0,5464.0
3498,1904.0,3416.0,5488.0
3499,1904.0,3448.0,5448.0
3500,1976.0,3464.0,5464.0
3501,2224.0,3564.0,5760.0
3502,2044.0,3492.0,5760.0
3503,1944.0,3472.0,5544.0
3504,1912.0,3380.0,5652.0
3505,1916.0,3432.0,5596.0
3506,1904.0,3400.0,5520.0
3507,1932.0,3428.0,5464.0
3508,1948.0,3416.0,5492.0
3509,2084.0,3508.0,5488.0
3510,2008.0,3448.0,5440.0
3511,1968.0,3500.0,5540.0
3512,2008.0,3544.0,5472.0
3513,2012.0,3588.0,5592.0
3514,2056.0,3608.0,5452.0
3515,3336.0,3960.0,5708.0
3516,3240.0,4008.0,5744.0
3517,3088.0,3944.0,5888.0
3518,3028.0,3948.0,5944.0
3519,2912.0,3868.0,5860.0
3520,2488.0,3696.0,5740.0
3521,2452.0,3652.0,5684.0
3522,2440.0,3656.0,5752.0
3523,2408.0,3648.0,5768.0
3524,2384.0,3628.0,5768.0
3525,2388.0,3636.0,5840.0
3526,2376.0,3632.0,5624.0
3527,2352.0,3612.0,5696.0
3528,2324.0,3588.0,5768.0
3529,2368.0,3640.0,5832.0
3530,2392.0,3656.0,5840.0
3531,2348.0,3604.0,5772.0
3532,2400.0,3628.0,5816.0
3533,2384.0,3640.0,5784.0
3534,2380.0,3656.0,5784.0
3535,2364.0,3624.0,5840.0
3536,2356.0,3612.0,5804.0
3537,2364.0,3628.0,5844.0
3538,2364.0,3628.0,5852.0
3539,2360.0,3628.0,5888.0
3540,2312.0,3600.0,5836.0
3541,2312.0,3624.0,6000.0
3542,2288.0,3576.0,5912.0
3543,2312.0,3648.0,5824.0
3544,2284.0,3600.0,5836.0
3545,2272.0,3592.0,5912.0
3546,2240.0,3580.0,5940.0
3547,2260.0,3592.0,6140.0
3548,2228.0,3576.0,5812.0
3549,2228.0,3580.0,5816.0
3550,2056.0,3496.0,5812.0
3551,2056.0,3560.0,5880.0
3552,2012.0,3492.0,5764.0
3553,2024.0,3512.0,5784.0
3554,2016.0,3496.0,5720.0
3555,2000.0,3480.0,5656.0
3556,2012.0,3472.0,5688.0
3557,2012.0,3488.0,5964.0
3558,2012.0,3500.0,5684.0
3559,2024.0,3496.0,5728.0
3560,2156.0,3608.0,5628.0
3561,2132.0,3544.0,5892.0
3562,2124.0,3544.0,5828.0
3563,2580.0,3760.0,6020.0
3564,3080.0,3980.0,6224.0
3565,3096.0,3976.0,6216.0
3566,3144.0,4028.0,6212.0
3567,3240.0,4080.0,6232.0
3568,3224.0,4052.0,6160.0
3569,3168.0,3976.0,6224.0
3570,3200.0,3992.0,6520.0
3571,3240.0,4032.0,6520.0
3572,3264.0,4024.0,6304.0
3573,3260.0,4012.0,6332.0
3574,3272.0,4032.0,6248.0
3575,3256.0,3944.0,6520.0
3576,3304.0,4096.0,6480.0
3577,3344.0,4088.0,6472.0
3578,3300.0,4028.0,6360.0
3579,1560.0,3332.0,6140.0
3580,1452.0,3276.0,5780.0
3581,1648.0,3364.0,5804.0
3582,1652.0,3332.0,5728.0
3583,1556.0,3288.0,5924.0
3584,1816.0,3384.0,5760.0
3585,1820.0,3416.0,5820.0
3586,3076.0,3964.0,6164.0
3587,3104.0,4024.0,6212.0
3588,3148.0,4008.0,6240.0
3589,3092.0,3956.0,6252.0
3590,3152.0,4016.0,6136.0
3591,3216.0,4096.0,6048.0
3592,3176.0,4032.0,6060.0
3593,3212.0,4108.0,6048.0
3594,3264.0,4124.0,6056.0
3595,3220.0,4120.0,6112.0
3596,3200.0,4072.0,6024.0
3597,3328.0,4184.0,6320.0
3598,3032.0,3992.0,6232.0
3599,3120.0,4020.0,6220.0
3600,3096.0,4004.0,6248.0
3601,3144.0,4032.0,6432.0
3602,3176.0,4048.0,6340.0
3603,3080.0,4032.0,6264.0
3604,3040.0,4040.0,6320.0
3605,3056.0,3980.0,6380.0
3606,3172.0,4108.0,6220.0
3607,3168.0,4100.0,6540.0
3608,3152.0,3984.0,6176.0
3609,3180.0,4160.0,6244.0
3610,3152.0,4080.0,6232.0
3611,3140.0,4072.0,6200.0
3612,3088.0,4024.0,6320.0
3613,3032.0,3984.0,6512.0
3614,3056.0,4068.0,6104.0
3615,3092.0,4024.0,6188.0
3616,3084.0,4048.0,6288.0
3617,3004.0,4004.0,6348.0
3618,3004.0,4024.0,6456.0
3619,3000.0,4000.0,6176.0
3620,3000.0,4036.0,6200.0
3621,3024.0,4016.0,5880.0
3622,3008.0,4032.0,6000.0
3623,3024.0,4040.0,6032.0
3624,3024.0,4048.0,5880.0
3625,3008.0,4032.0,5992.0
3626,3024.0,4012.0,6072.0
3627,3064.0,4064.0,6240.0
3628,3052.0,4012.0,6116.0
3629,3048.0,4072.0,6152.0
3630,2980.0,3952.0,6544.0
3631,3036.0,4076.0,6352.0
3632,3044.0,4056.0,6000.0
3633,3084.0,4084.0,6004.0
3634,3072.0,4116.0,6116.0
3635,3060.0,4084.0,6056.0
3636,3056.0,4096.0,6224.0
3637,3016.0,4096.0,6248.0
3638,3000.0,4072.0,6192.0
3639,2960.0,3996.0,6364.0
3640,2928.0,3972.0,6280.0
3641,2924.0,4000.0,6488.0
3642,2908.0,3984.0,6224.0
3643,2944.0,4016.0,6416.0
3644,2928.0,3952.0,6520.0
3645,2932.0,3996.0,6596.0
3646,2940.0,4032.0,6628.0
3647,2928.0,4000.0,6464.0
3648,2984.0,4024.0,6436.0
3649,2976.0,4040.0,6536.0
3650,2960.0,3976.0,6440.0
3651,2992.0,4080.0,6560.0
3652,2980.0,4080.0,6564.0
3653,2876.0,4028.0,6548.0
3654,2856.0,3992.0,6504.0
3655,2876.0,3984.0,6508.0
3656,2928.0,4064.0,6456.0
3657,2740.0,3976.0,6340.0
3658,2856.0,3976.0,6424.0
3659,2808.0,4008.0,6352.0
3660,2864.0,4024.0,6272.0
3661,2888.0,4080.0,6376.0
3662,2868.0,4080.0,6212.0
3663,2816.0,4016.0,6096.0
3664,2864.0,4052.0,6296.0
3665,2860.0,4028.0,6220.0
3666,2900.0,4012.0,6616.0
3667,2924.0,4096.0,6404.0
3668,2792.0,4028.0,6320.0
3669,2856.0,4032.0,6384.0
3670,,,
3671,2828.0,3996.0,6432.0
3672,2672.0,3932.0,6384.0
3673,2716.0,3976.0,6484.0
3674,2920.0,4040.0,6432.0
3675,2876.0,4044.0,6568.0
3676,2920.0,4064.0,6512.0
3677,2912.0,4112.0,6424.0
3678,2736.0,3996.0,6324.0
3679,2820.0,4004.0,6444.0
3680,2952.0,4056.0,6448.0
3681,2820.0,4012.0,6636.0
3682,2808.0,4032.0,6520.0
3683,2656.0,3864.0,6344.0
3684,2864.0,4072.0,6376.0
3685,2860.0,4056.0,6348.0
3686,2804.0,4016.0,6320.0
3687,2816.0,4024.0,6424.0
3688,2800.0,4000.0,6420.0
3689,2908.0,4076.0,6420.0
3690,2832.0,4056.0,6484.0
3691,2760.0,4016.0,6552.0
3692,2912.0,4072.0,6680.0
3693,2848.0,4052.0,6512.0
3694,2788.0,4060.0,6456.0
3695,2836.0,4068.0,6600.0
3696,2880.0,4036.0,6648.0
3697,2952.0,4104.0,6528.0
3698,2808.0,4060.0,6352.0
3699,2760.0,3984.0,6704.0
3700,2796.0,4020.0,6712.0
3701,2852.0,4028.0,6796.0
3702,2792.0,4008.0,6328.0
3703,,,
3704,2856.0,4044.0,6196.0
3705,2796.0,3984.0,6152.0
3706,2936.0,4108.0,6276.0
3707,2840.0,4032.0,6088.0
3708,2896.0,4100.0,6120.0
3709,2816.0,4028.0,6100.0
3710,2784.0,4000.0,6108.0
3711,2736.0,3976.0,6304.0
3712,2808.0,4032.0,6168.0
3713,2844.0,4044.0,6332.0
3714,2912.0,4140.0,6356.0
3715,2884.0,4096.0,6176.0
3716,2848.0,4120.0,6016.0
3717,2784.0,4024.0,6216.0
3718,2864.0,4072.0,6216.0
3719,2892.0,4088.0,6304.0
3720,2856.0,4092.0,6248.0
3721,2752.0,4004.0,6096.0
3722,2880.0,4060.0,6184.0
3723,2792.0,4032.0,6160.0
3724,2744.0,4000.0,6232.0
3725,2840.0,4040.0,6088.0
3726,2888.0,4016.0,6232.0
3727,2904.0,4040.0,6600.0
3728,3008.0,4200.0,6352.0
3729,2980.0,4156.0,6312.0
3730,3008.0,4212.0,6376.0
3731,3012.0,4104.0,6332.0
3732,2928.0,4128.0,6444.0
3733,2948.0,4100.0,6400.0
3734,3000.0,4188.0,6676.0
3735,2796.0,4080.0,6528.0
3736,2840.0,4048.0,6784.0
3737,2972.0,4100.0,6536.0
3738,2900.0,4112.0,6804.0
3739,2976.0,4208.0,6764.0
3740,2972.0,4204.0,6624.0
3741,2828.0,4060.0,6724.0
3742,2872.0,4088.0,6772.0
3743,2944.0,4116.0,6776.0
3744,3072.0,4176.0,7424.0
3745,2988.0,4140.0,6572.0
3746,2896.0,4092.0,6548.0
3747,2924.0,4228.0,6604.0
3748,2864.0,4092.0,6404.0
3749,2864.0,4064.0,6444.0
3750,2892.0,4116.0,6584.0
3751,2964.0,4096.0,6660.0
3752,2960.0,4112.0,6704.0
3753,3064.0,4184.0,6560.0
3754,2928.0,4160.0,6648.0
3755,3160.0,4336.0,6480.0
3756,2976.0,4152.0,6424.0
3757,2900.0,4152.0,6680.0
3758,2992.0,4148.0,6964.0
3759,2972.0,4184.0,6648.0
3760,3024.0,4264.0,6732.0
3761,2980.0,4156.0,6632.0
3762,2992.0,4192.0,6432.0
3763,2848.0,4144.0,6472.0
3764,2968.0,4176.0,6408.0
3765,2824.0,4120.0,6496.0
3766,2864.0,4192.0,6436.0
3767,2896.0,4216.0,6456.0
3768,2928.0,4184.0,6536.0
3769,2880.0,4120.0,6624.0
3770,2968.0,4160.0,6576.0
3771,2872.0,4124.0,6740.0
3772,3016.0,4240.0,6444.0
3773,3060.0,4324.0,6476.0
3774,3016.0,4288.0,6548.0
3775,3060.0,4260.0,6312.0
3776,3012.0,4220.0,6356.0
3777,3000.0,4232.0,6400.0
3778,2944.0,4192.0,6848.0
3779,2908.0,4148.0,6692.0
3780,3064.0,4348.0,6880.0
3781,2944.0,4256.0,6544.0
3782,2936.0,4184.0,6656.0
3783,2928.0,4220.0,6876.0
3784,2888.0,4236.0,6620.0
3785,2948.0,4204.0,6576.0
3786,2848.0,4184.0,6552.0
3787,2864.0,4180.0,6544.0
3788,2912.0,4128.0,6480.0
3789,2980.0,4268.0,6540.0
3790,2960.0,4208.0,6656.0
3791,2852.0,4144.0,6560.0
3792,2920.0,4248.0,6552.0
3793,2840.0,4136.0,6664.0
3794,2888.0,4184.0,6856.0
3795,2972.0,4260.0,6896.0
3796,2848.0,4144.0,6452.0
3797,2840.0,4152.0,6608.0
3798,3028.0,4296.0,6644.0
3799,2856.0,4236.0,6716.0
3800,2904.0,4192.0,6804.0
3801,2800.0,4256.0,6600.0
3802,2904.0,4152.0,6712.0
3803,2952.0,4296.0,6700.0
3804,2820.0,4172.0,6632.0
3805,3096.0,4360.0,6588.0
3806,2968.0,4264.0,6680.0
3807,2908.0,4256.0,6696.0
3808,2860.0,4264.0,6540.0
3809,2888.0,4248.0,6600.0
3810,2784.0,4144.0,6560.0
3811,2836.0,4180.0,6592.0
3812,2880.0,4256.0,6648.0
3813,2888.0,4300.0,6584.0
3814,2896.0,4200.0,6368.0
3815,2844.0,4168.0,6352.0
3816,2876.0,4208.0,6424.0
3817,2840.0,4192.0,6688.0
3818,2848.0,4184.0,6968.0
3819,2940.0,4208.0,6940.0
3820,2864.0,4152.0,6816.0
3821,3032.0,4280.0,6864.0
3822,2896.0,4216.0,7040.0
3823,2976.0,4192.0,6872.0
3824,2984.0,4216.0,6820.0
3825,3036.0,4296.0,6900.0
3826,3032.0,4280.0,7044.0
3827,3004.0,4240.0,7160.0
3828,2932.0,4236.0,6828.0
3829,2948.0,4168.0,6596.0
3830,2896.0,4164.0,6560.0
3831,2872.0,4184.0,6296.0
3832,2832.0,4180.0,6496.0
3833,2996.0,4316.0,6544.0
3834,2880.0,4200.0,6808.0
3835,2944.0,4192.0,6648.0
3836,3008.0,4324.0,6700.0
3837,2920.0,4192.0,7104.0
3838,3120.0,4368.0,6932.0
3839,3064.0,4264.0,6888.0
3840,3232.0,4384.0,7000.0
3841,3152.0,4392.0,6948.0
3842,3256.0,4368.0,6816.0
3843,3252.0,4400.0,6676.0
3844,3264.0,4388.0,6584.0
3845,3576.0,4584.0,6912.0
3846,3488.0,4560.0,7088.0
3847,3384.0,4544.0,7000.0
3848,3328.0,4376.0,6776.0
3849,3272.0,4420.0,6836.0
3850,3176.0,4376.0,7504.0
3851,3328.0,4488.0,6928.0
3852,3232.0,4520.0,7096.0
3853,3300.0,4628.0,7124.0
3854,3272.0,4528.0,7008.0
3855,3312.0,4424.0,6704.0
3856,3196.0,4360.0,6660.0
3857,3032.0,4256.0,6752.0
3858,3112.0,4196.0,6664.0
3859,3008.0,4176.0,6424.0
3860,3128.0,4252.0,6352.0
3861,3048.0,4208.0,6392.0
3862,2968.0,4144.0,6456.0
3863,2944.0,4128.0,6384.0
3864,3128.0,4248.0,6448.0
3865,3020.0,4208.0,6472.0
3866,2976.0,4168.0,6552.0
3867,2920.0,4140.0,6508.0
3868,2936.0,4184.0,6336.0
3869,3136.0,4248.0,6624.0
3870,3072.0,4208.0,6608.0
3871,3116.0,4236.0,6560.0
3872,3128.0,4244.0,6632.0
3873,3112.0,4208.0,6608.0
3874,3180.0,4284.0,6668.0
3875,3304.0,4300.0,6940.0
3876,3224.0,4272.0,6752.0
3877,3180.0,4188.0,6940.0
3878,3060.0,4120.0,6960.0
3879,2956.0,4104.0,6700.0
3880,2996.0,4120.0,6660.0
3881,3016.0,4116.0,6640.0
3882,3076.0,4112.0,6688.0
3883,3048.0,4168.0,6816.0
3884,3096.0,4184.0,6592.0
3885,3100.0,4192.0,6608.0
3886,3024.0,4172.0,6428.0
3887,3080.0,4176.0,6584.0
3888,3044.0,4168.0,6644.0
3889,3120.0,4216.0,6760.0
3890,4080.0,4644.0,7180.0
3891,4172.0,4768.0,7152.0
3892,4144.0,4752.0,6904.0
3893,4064.0,4728.0,7176.0
3894,4080.0,4724.0,7172.0
3895,,,
3896,4040.0,4672.0,6752.0
3897,,,
3898,,,
3899,3944.0,4584.0,6712.0
3900,3960.0,4560.0,6668.0
3901,3996.0,4608.0,6696.0
3902,4000.0,4608.0,6784.0
3903,4088.0,4680.0,6608.0
3904,4048.0,4656.0,6768.0
3905,4096.0,4648.0,6888.0
3906,4040.0,4608.0,6840.0
3907,4048.0,4584.0,7020.0
3908,4016.0,4576.0,7008.0
3909,4060.0,4612.0,6956.0
3910,4084.0,4604.0,6940.0
3911,4128.0,4624.0,6896.0
3912,4200.0,4624.0,7040.0
3913,4232.0,4664.0,7072.0
3914,4148.0,4616.0,6972.0
3915,4240.0,4680.0,7104.0
3916,4288.0,4720.0,7080.0
3917,4216.0,4672.0,7040.0
3918,4176.0,4628.0,6976.0
3919,,,
3920,4076.0,4584.0,6960.0
3921,,,
3922,4008.0,4564.0,7008.0
3923,3992.0,4548.0,6912.0
3924,4044.0,4608.0,7296.0
3925,3968.0,4520.0,7296.0
3926,3968.0,4504.0,7240.0
3927,,,
3928,4008.0,4544.0,7040.0
3929,4028.0,4528.0,6888.0
3930,4108.0,4584.0,7056.0
3931,4048.0,4520.0,7264.0
3932,,,
3933,4104.0,4576.0,7336.0
3934,,,
3935,4176.0,4616.0,7456.0
3936,4084.0,4580.0,7316.0
3937,4092.0,4584.0,7184.0
3938,4072.0,4592.0,6896.0
3939,4088.0,4592.0,7048.0
3940,4124.0,4624.0,7128.0
3941,,,
3942,4112.0,4632.0,6928.0
3943,4128.0,4636.0,6980.0
3944,4116.0,4600.0,7352.0
3945,4084.0,4532.0,7572.0
3946,4128.0,4552.0,7560.0
3947,4184.0,4584.0,7536.0
3948,4184.0,4612.0,7564.0
3949,4136.0,4616.0,7384.0
3950,4140.0,4624.0,7424.0
3951,4104.0,4592.0,7600.0
3952,4176.0,4600.0,7648.0
3953,4144.0,4608.0,7432.0
3954,4152.0,4616.0,7344.0
